NZ_AQQH01000003.1	gb|AAC75089.1|ARO:3003577|ugd	82.7	388	67	0	5979	7142	1	388	6.69e-210	643
NZ_AQQH01000003.1	gb|AAF01499.1|ARO:3000193|tet(T)	26.9	674	429	11	32727	34739	5	617	1.94e-72	256
NZ_AQQH01000003.1	gb|CAA79727.1|ARO:3000191|tet(Q)	26.4	683	437	10	32727	34772	21	638	1.63e-66	239
NZ_AQQH01000003.1	gb|ABF69686.1|ARO:3007122|tet(O/W/32/O)	27.4	680	417	14	32727	34748	5	613	3.71e-66	238
NZ_AQQH01000003.1	gb|AAR29969.1|ARO:3007121|tet(O/W)	27.4	678	419	13	32727	34748	5	613	6.75e-66	237
NZ_AQQH01000003.1	gb|AAA20117.1|ARO:3000195|tetB(P)	26.0	681	442	9	32712	34748	1	621	2.93e-65	235
NZ_AQQH01000003.1	gb|AAO42740.1|ARO:3007123|tet(O/W/O)	27.4	678	419	13	32727	34748	5	613	5.51e-65	234
NZ_AQQH01000003.1	gb|CAD55718.1|ARO:3000197|tet(36)	25.4	685	447	8	32718	34772	2	622	5.62e-65	234
NZ_AQQH01000003.1	gb|CAA10975.1|ARO:3000194|tet(W)	27.8	680	414	14	32727	34748	5	613	7.43e-65	234
NZ_AQQH01000003.1	gb|CAC41371.2|ARO:3007119|tet(O/32/O)	27.9	680	413	13	32727	34748	5	613	1.35e-64	233
NZ_AQQH01000003.1	gb|AAR29485.1|ARO:3007120|tet(O/M/O)	26.3	674	432	10	32727	34748	5	613	4.92e-63	228
NZ_AQQH01000003.1	gb|ACH87088.1|ARO:3000196|tet(32)	27.2	680	416	11	32727	34745	5	612	6.64e-63	228
NZ_AQQH01000003.1	gb|AMP42147.1|ARO:3004442|tet(W/N/W)	27.0	692	425	15	32727	34784	5	622	1.21e-62	227
NZ_AQQH01000003.1	gb|AAA25293.1|ARO:3000192|tet(S)	26.4	679	419	13	32727	34739	5	610	1.85e-61	224
NZ_AQQH01000003.1	gb|AAL09826.1|ARO:3007124|tet(W/32/O)	26.7	678	424	13	32727	34748	5	613	1.44e-60	221
NZ_AQQH01000003.1	gb|AAA23033.2|ARO:3000190|tet(O)	26.2	675	431	11	32727	34748	5	613	3.53e-60	220
NZ_AQQH01000003.1	gb|BAB82500.1|ARO:3000186|tet(M)	25.7	676	427	12	32727	34739	5	610	4.76e-60	219
NZ_AQQH01000003.1	gb|CAA37477.1|ARO:3002891|otr(A)S.rim	28.7	687	420	16	32727	34748	5	634	3.59e-58	214
NZ_AQQH01000003.1	gb|CBH51823.1|ARO:3000556|tet(44)	27.0	555	329	11	32727	34373	5	489	3.04e-50	190
NZ_AQQH01000003.1	gb|AAA26830.1|ARO:3007127|otr(A)S.liv	27.0	678	419	15	32718	34721	2	613	2.36e-49	187
NZ_AQQH01000003.1	gb|AAC75314.1|ARO:3003578|PmrF	30.2	324	204	8	20562	19621	3	314	1.13e-37	145
NZ_AQQH01000003.1	gb|AAA99504.1|ARO:3002987|bcrA	29.4	201	121	5	11039	11596	19	213	7.62e-17	83.6
NZ_AQQH01000003.1	gb|AKA86814.1|ARO:3003746|optrA	23.2	241	132	6	11000	11578	18	253	1.89e-05	49.7
NZ_AQQH01000006.1	gb|AAL14440.1|ARO:3000775|adeB	59.8	1022	407	3	46256	49318	1	1019	0.0	1138
NZ_AQQH01000006.1	gb|EGP45231.1|ARO:3004144|AxyY	50.0	1030	512	2	46256	49339	1	1029	3.95e-296	922
NZ_AQQH01000006.1	gb|AAC73564.1|ARO:3000216|acrB	48.7	1035	515	6	46256	49324	1	1031	4.52e-296	922
NZ_AQQH01000006.1	gb|AAB41957.1|ARO:3000801|MexD	50.7	1032	486	10	46256	49312	1	1022	1.49e-292	912
NZ_AQQH01000006.1	gb|AAC76298.1|ARO:3000502|AcrF	49.1	1031	516	6	46256	49324	1	1030	1.29e-291	909
NZ_AQQH01000006.1	gb|CAC14595.1|ARO:3003056|smeE	47.2	1032	536	3	46256	49324	1	1032	1.37e-288	900
NZ_AQQH01000006.1	gb|AAA74437.1|ARO:3000378|MexB	47.7	1031	527	4	46256	49321	1	1028	1.45e-285	892
NZ_AQQH01000006.1	gb|CAH35802.1|ARO:3002983|amrB	47.6	1038	541	2	46256	49363	1	1037	8.30e-285	889
NZ_AQQH01000006.1	gb|AAC76539.1|ARO:3000796|mdtF	47.5	1029	530	6	46256	49318	1	1027	5.05e-281	878
NZ_AQQH01000006.1	gb|BAA16344.1|ARO:3000491|acrD	46.8	1031	537	5	46256	49324	1	1028	2.75e-279	873
NZ_AQQH01000006.1	gb|AAF42062.1|ARO:3000811|mtrD	47.5	1042	526	7	46256	49327	1	1039	1.61e-277	869
NZ_AQQH01000006.1	gb|BAA34300.1|ARO:3003033|mexY	47.7	1039	538	4	46256	49360	1	1038	2.38e-272	853
NZ_AQQH01000006.1	gb|AAX14802.1|ARO:3000781|adeJ	44.5	1050	561	8	46256	49348	1	1047	1.93e-260	820
NZ_AQQH01000006.1	gb|AAD51345.1|ARO:3003052|smeB	43.7	1037	565	4	46256	49324	1	1032	2.28e-251	793
NZ_AQQH01000006.1	gb|AAG05882.1|ARO:3000804|MexF	41.1	1052	602	8	46265	49369	6	1056	1.48e-226	722
NZ_AQQH01000006.1	gb|AAP43110.2|ARO:3003923|oqxB	40.9	1040	598	9	46265	49342	6	1042	2.95e-225	717
NZ_AQQH01000006.1	gb|ABS43151.1|ARO:3000784|cmeB	39.3	1027	613	7	46265	49327	5	1027	1.15e-221	707
NZ_AQQH01000006.1	gb|AAL19305.1|ARO:3000790|mdsB	39.7	1048	610	8	46262	49351	5	1048	2.09e-218	698
NZ_AQQH01000006.1	gb|AAB58161.1|ARO:3003010|ceoB	40.2	1022	596	6	46265	49288	6	1026	2.15e-214	685
NZ_AQQH01000006.1	gb|CAJ77856.1|ARO:3000777|adeF	39.4	1041	612	9	46265	49342	6	1042	8.68e-209	670
NZ_AQQH01000006.1	gb|BAE06008.1|ARO:3003699|mexQ	39.1	1044	623	8	46259	49360	4	1044	1.54e-207	666
NZ_AQQH01000006.1	gb|AAC77293.1|ARO:3001214|mdtM	59.3	398	161	1	17071	15878	5	401	3.76e-155	489
NZ_AQQH01000006.1	gb|AAG07594.1|ARO:3000808|MexI	31.2	1026	672	15	46268	49324	7	1005	2.31e-131	443
NZ_AQQH01000006.1	gb|AAG07763.1|ARO:3003031|MexW	31.1	1024	675	16	46268	49324	7	1004	4.38e-131	442
NZ_AQQH01000006.1	gb|ADO96486.1|ARO:3003953|hmrM	43.4	458	257	2	101578	100208	6	462	1.94e-116	380
NZ_AQQH01000007.1	gb|AAC75733.1|ARO:3000074|emrB	31.8	421	263	8	976	2196	20	430	9.40e-42	163
NZ_AQQH01000007.1	gb|EOU56998.1|ARO:3004597|Kpne_KpnH	31.8	421	263	8	976	2196	20	430	9.40e-42	163
NZ_AQQH01000007.1	gb|BAA11237.1|ARO:3000254|emrY	30.9	433	274	8	976	2226	24	447	8.12e-40	157
NZ_AQQH01000007.1	gb|AFK80333.1|ARO:3001313|facT	29.1	413	275	10	967	2154	29	440	1.92e-37	151
NZ_AQQH01000007.1	gb|AAF40764.1|ARO:3003962|farB	28.4	423	270	10	940	2154	7	414	3.72e-32	134
NZ_AQQH01000007.1	gb|AAD22144.1|ARO:3002698|cmlB	31.1	338	208	9	80909	79941	26	353	2.12e-26	115
NZ_AQQH01000007.1	gb|ALV80601.1|ARO:3003801|bcr-1	30.4	280	188	3	80945	80124	16	294	4.62e-26	114
NZ_AQQH01000007.1	gb|AAK52606.1|ARO:3002696|cmlA6	28.7	321	219	4	80909	79965	26	342	3.51e-25	112
NZ_AQQH01000007.1	gb|AAD04032.1|ARO:3002892|otr(B)	25.8	423	286	11	949	2169	27	437	3.96e-25	114
NZ_AQQH01000007.1	gb|AAA26057.1|ARO:3002693|cmlA1	28.7	321	219	4	80909	79965	26	342	6.33e-25	111
NZ_AQQH01000007.1	gb|ABW91179.1|ARO:3004665|cmlA8	30.5	351	216	10	80909	79908	26	365	8.49e-25	110
NZ_AQQH01000007.1	gb|CAD31707.1|ARO:3002691|Sent_cmlA	29.3	314	212	4	80888	79965	4	313	3.24e-24	108
NZ_AQQH01000007.1	gb|AAM77075.1|ARO:3002695|cmlA5	28.3	321	220	4	80909	79965	26	342	4.95e-24	108
NZ_AQQH01000007.1	gb|AAF27726.1|ARO:3002694|cmlA4	29.2	322	216	6	80909	79965	26	342	8.90e-24	107
NZ_AQQH01000007.1	gb|BAB43261.1|ARO:3007013|sdrM	32.5	197	127	3	988	1563	17	212	2.36e-21	100
NZ_AQQH01000007.1	gb|CAL30186.1|ARO:3002699|cmlB1	29.4	347	232	7	80909	79893	26	367	3.15e-21	100
NZ_AQQH01000007.1	gb|CAA79966.1|ARO:3003665|NmcR	27.3	256	176	2	78747	79514	7	252	1.31e-19	92.8
NZ_AQQH01000007.1	gb|ABZ01840.1|ARO:3005043|cmlA9	29.4	211	140	3	80909	80289	26	231	6.60e-18	89.7
NZ_AQQH01000007.1	gb|AAK76137.1|ARO:3000024|patA	30.8	214	127	8	97494	98102	343	546	1.91e-17	89.7
NZ_AQQH01000007.1	gb|BAA07072.1|ARO:3002812|pp-flo	24.6	276	194	5	80909	80109	26	296	1.16e-16	85.5
NZ_AQQH01000007.1	gb|AAG16656.1|ARO:3002705|floR	27.5	211	144	3	80909	80289	26	231	2.81e-16	84.7
NZ_AQQH01000007.1	gb|AAA99504.1|ARO:3002987|bcrA	26.6	207	136	5	6944	6327	20	211	1.30e-14	78.2
NZ_AQQH01000007.1	gb|AAC77293.1|ARO:3001214|mdtM	25.6	301	207	6	80882	80013	34	328	3.02e-09	62.8
NZ_AQQH01000007.1	gb|AFH35853.1|ARO:3001328|Ecol_mdfA	27.4	168	119	1	80834	80340	54	221	2.13e-08	60.1
NZ_AQQH01000007.1	gb|APB03219.1|ARO:3003986|TaeA	21.3	474	289	15	7649	6423	32	486	1.69e-07	57.8
NZ_AQQH01000008.1	gb|BAM10414.1|ARO:3003039|OprA	40.2	468	261	4	4008	5378	5	464	9.32e-92	307
NZ_AQQH01000008.1	gb|CAC14596.1|ARO:3003057|smeF	39.9	459	265	5	4020	5384	13	464	9.02e-90	301
NZ_AQQH01000008.1	gb|AAB41958.1|ARO:3000802|OprJ	39.1	466	267	6	4020	5384	8	467	8.31e-87	293
NZ_AQQH01000008.1	gb|AAD51346.1|ARO:3003053|smeC	39.1	466	269	8	4011	5375	6	467	4.79e-85	288
NZ_AQQH01000008.1	gb|EGP45230.2|ARO:3004142|OprZ	38.7	450	261	8	4044	5372	13	454	3.72e-81	276
NZ_AQQH01000008.1	gb|AAL19304.1|ARO:3000791|mdsC	36.1	468	284	6	4017	5384	32	496	2.10e-78	270
NZ_AQQH01000008.1	gb|AAG03816.1|ARO:3000379|OprM	37.6	457	271	6	4041	5378	14	467	4.31e-78	268
NZ_AQQH01000008.1	gb|CAA64891.1|ARO:3000812|mtrE	37.2	462	275	7	4008	5375	6	458	1.02e-76	263
NZ_AQQH01000008.1	gb|AAX14803.1|ARO:3000782|adeK	35.5	456	269	8	4044	5375	21	463	1.15e-72	252
NZ_AQQH01000008.1	gb|ALX99516.1|ARO:3003811|adeC	33.8	471	273	9	4020	5375	11	461	2.26e-70	245
NZ_AQQH01000008.1	gb|AAL14440.1|ARO:3000775|adeB	24.3	1068	730	25	7186	10299	1	1019	2.92e-60	228
NZ_AQQH01000008.1	gb|BAE06006.1|ARO:3003705|mexN	23.0	1060	756	22	7195	10329	10	1024	3.91e-60	227
NZ_AQQH01000008.1	gb|AAP43110.2|ARO:3003923|oqxB	23.5	1062	718	27	7243	10290	18	1031	7.35e-59	223
NZ_AQQH01000008.1	gb|AAG05882.1|ARO:3000804|MexF	22.6	1061	740	19	7243	10299	18	1039	1.76e-57	219
NZ_AQQH01000008.1	gb|AAL19305.1|ARO:3000790|mdsB	23.3	1067	743	23	7213	10299	8	1037	2.95e-57	218
NZ_AQQH01000008.1	gb|ABS43151.1|ARO:3000784|cmeB	23.4	1073	726	25	7243	10326	17	1038	3.53e-57	218
NZ_AQQH01000008.1	gb|AAC73564.1|ARO:3000216|acrB	22.5	1060	750	20	7243	10323	16	1037	2.53e-55	212
NZ_AQQH01000008.1	gb|AAA74437.1|ARO:3000378|MexB	23.6	1057	719	28	7243	10290	16	1024	1.65e-53	206
NZ_AQQH01000008.1	gb|BAA16344.1|ARO:3000491|acrD	22.4	1049	746	19	7243	10299	16	1026	2.73e-53	206
NZ_AQQH01000008.1	gb|AAG07763.1|ARO:3003031|MexW	23.2	1049	736	22	7201	10299	8	1002	7.47e-53	204
NZ_AQQH01000008.1	gb|AAB41957.1|ARO:3000801|MexD	23.4	1060	722	24	7243	10305	16	1024	1.14e-52	204
NZ_AQQH01000008.1	gb|CAC14595.1|ARO:3003056|smeE	22.8	1067	724	23	7243	10299	16	1030	1.49e-52	203
NZ_AQQH01000008.1	gb|CAH14033.1|ARO:3004100|LpeB	21.9	1067	708	27	7213	10299	16	995	2.96e-52	202
NZ_AQQH01000008.1	gb|AAC76539.1|ARO:3000796|mdtF	22.9	1047	744	24	7243	10299	16	1027	4.15e-51	199
NZ_AQQH01000008.1	gb|AAX14802.1|ARO:3000781|adeJ	21.5	1065	754	21	7243	10308	16	1041	8.03e-51	198
NZ_AQQH01000009.1	gb|BAA16344.1|ARO:3000491|acrD	91.1	1037	92	0	139252	136142	1	1037	0.0	1802
NZ_AQQH01000009.1	gb|AAC73564.1|ARO:3000216|acrB	66.4	1037	345	3	139252	136151	1	1037	0.0	1284
NZ_AQQH01000009.1	gb|AAC76298.1|ARO:3000502|AcrF	63.8	1033	370	4	139252	136163	1	1032	0.0	1217
NZ_AQQH01000009.1	gb|AAA74437.1|ARO:3000378|MexB	62.2	1031	389	1	139252	136163	1	1031	0.0	1208
NZ_AQQH01000009.1	gb|CAC14595.1|ARO:3003056|smeE	61.4	1035	393	3	139252	136163	1	1034	0.0	1184
NZ_AQQH01000009.1	gb|AAC76539.1|ARO:3000796|mdtF	60.7	1032	403	3	139252	136163	1	1031	0.0	1161
NZ_AQQH01000009.1	gb|AAX14802.1|ARO:3000781|adeJ	57.0	1052	432	7	139252	136148	1	1049	0.0	1099
NZ_AQQH01000009.1	gb|AAD51345.1|ARO:3003052|smeB	54.0	1040	464	4	139252	136160	1	1035	0.0	1029
NZ_AQQH01000009.1	gb|EGP45231.1|ARO:3004144|AxyY	53.2	1036	481	3	139252	136145	1	1032	0.0	1004
NZ_AQQH01000009.1	gb|CAH35802.1|ARO:3002983|amrB	49.9	1035	515	3	139252	136148	1	1031	1.63e-299	932
NZ_AQQH01000009.1	gb|BAA34300.1|ARO:3003033|mexY	48.0	1047	521	5	139252	136142	1	1034	7.46e-290	904
NZ_AQQH01000009.1	gb|AAB41957.1|ARO:3000801|MexD	47.2	1038	542	4	139252	136145	1	1034	1.10e-280	878
NZ_AQQH01000009.1	gb|AAF42062.1|ARO:3000811|mtrD	46.6	1044	539	6	139252	136163	1	1040	3.92e-275	863
NZ_AQQH01000009.1	gb|AAL14440.1|ARO:3000775|adeB	46.3	1028	541	4	139252	136175	1	1019	4.63e-275	861
NZ_AQQH01000009.1	gb|ABS43151.1|ARO:3000784|cmeB	41.9	1033	585	9	139255	136175	1	1024	6.36e-236	748
NZ_AQQH01000009.1	gb|AAL19305.1|ARO:3000790|mdsB	40.9	1039	597	7	139246	136169	5	1039	2.96e-232	738
NZ_AQQH01000009.1	gb|AAB58161.1|ARO:3003010|ceoB	41.3	1027	589	6	139252	136205	3	1026	6.53e-229	728
NZ_AQQH01000009.1	gb|AAP43110.2|ARO:3003923|oqxB	41.4	1047	596	8	139249	136151	4	1046	2.46e-226	721
NZ_AQQH01000009.1	gb|CAJ77856.1|ARO:3000777|adeF	40.8	1038	599	8	139252	136172	3	1035	5.94e-224	714
NZ_AQQH01000009.1	gb|AAG05882.1|ARO:3000804|MexF	40.1	1046	600	9	139249	136169	4	1041	5.48e-221	706
NZ_AQQH01000009.1	gb|BAE06008.1|ARO:3003699|mexQ	39.7	1039	617	7	139246	136148	5	1039	4.46e-210	674
NZ_AQQH01000009.1	gb|AAG07763.1|ARO:3003031|MexW	31.1	1039	660	19	139240	136169	7	1004	1.86e-133	449
NZ_AQQH01000009.1	gb|AAG07594.1|ARO:3000808|MexI	30.8	1042	664	20	139246	136169	5	1005	7.48e-131	442
NZ_AQQH01000009.1	gb|AAC75136.1|ARO:3000793|mdtB	29.6	1037	695	19	139249	136169	13	1024	8.48e-111	383
NZ_AQQH01000009.1	gb|AAG05914.1|ARO:3004075|MuxC	29.5	1041	685	21	139240	136169	7	1015	4.86e-106	369
NZ_AQQH01000010.1	gb|AAC76298.1|ARO:3000502|AcrF	86.4	1032	139	1	248752	251844	1	1032	0.0	1698
NZ_AQQH01000010.1	gb|AAC73564.1|ARO:3000216|acrB	81.4	1038	191	2	248752	251859	1	1038	0.0	1603
NZ_AQQH01000010.1	gb|AAC76539.1|ARO:3000796|mdtF	71.7	1033	292	0	248752	251850	1	1033	0.0	1417
NZ_AQQH01000010.1	gb|AAA74437.1|ARO:3000378|MexB	67.6	1038	332	3	248752	251859	1	1036	0.0	1340
NZ_AQQH01000010.1	gb|BAA16344.1|ARO:3000491|acrD	64.0	1032	369	3	248752	251844	1	1030	0.0	1237
NZ_AQQH01000010.1	gb|CAC14595.1|ARO:3003056|smeE	61.6	1041	391	6	248752	251856	1	1038	0.0	1198
NZ_AQQH01000010.1	gb|AAX14802.1|ARO:3000781|adeJ	58.0	1047	421	8	248752	251844	1	1044	0.0	1129
NZ_AQQH01000010.1	gb|EGP45231.1|ARO:3004144|AxyY	54.2	1029	466	4	248752	251838	1	1024	0.0	1034
NZ_AQQH01000010.1	gb|AAD51345.1|ARO:3003052|smeB	53.8	1045	466	6	248752	251856	1	1038	0.0	1013
NZ_AQQH01000010.1	gb|CAH35802.1|ARO:3002983|amrB	51.3	1032	496	5	248752	251844	1	1026	9.55e-315	976
NZ_AQQH01000010.1	gb|AAF42062.1|ARO:3000811|mtrD	49.6	1053	506	8	248752	251859	1	1045	7.95e-300	934
NZ_AQQH01000010.1	gb|AAL14440.1|ARO:3000775|adeB	50.2	1030	499	8	248752	251832	1	1019	4.31e-297	925
NZ_AQQH01000010.1	gb|AAB41957.1|ARO:3000801|MexD	48.2	1043	501	8	248752	251826	1	1022	1.08e-288	901
NZ_AQQH01000010.1	gb|BAA34300.1|ARO:3003033|mexY	47.9	1035	527	7	248752	251844	1	1027	1.43e-281	880
NZ_AQQH01000010.1	gb|AAC75429.1|ARO:3000833|evgS	38.4	1161	598	6	73458	76595	31	1189	5.11e-250	795
NZ_AQQH01000010.1	gb|ACN32294.1|ARO:3000237|TolC	81.6	494	87	2	40840	42309	1	494	8.37e-247	756
NZ_AQQH01000010.1	gb|AAP43110.2|ARO:3003923|oqxB	42.7	1048	573	12	248755	251850	4	1040	2.23e-239	759
NZ_AQQH01000010.1	gb|AAL19305.1|ARO:3000790|mdsB	42.4	1045	572	11	248761	251838	6	1039	1.65e-238	756
NZ_AQQH01000010.1	gb|AAG05882.1|ARO:3000804|MexF	42.0	1051	574	11	248755	251838	4	1041	3.77e-236	750
NZ_AQQH01000010.1	gb|AAB58161.1|ARO:3003010|ceoB	42.4	1033	570	9	248752	251802	3	1026	7.78e-234	742
NZ_AQQH01000010.1	gb|ABS43151.1|ARO:3000784|cmeB	41.5	1029	586	9	248755	251823	3	1021	9.98e-231	733
NZ_AQQH01000010.1	gb|CAJ77856.1|ARO:3000777|adeF	41.0	1063	600	11	248752	251892	3	1054	2.38e-224	716
NZ_AQQH01000010.1	gb|BAE06008.1|ARO:3003699|mexQ	41.4	1041	581	10	248758	251835	5	1031	3.52e-218	697
NZ_AQQH01000010.1	gb|AAC76297.1|ARO:3000499|AcrE	75.5	380	88	2	247600	248724	1	380	1.10e-175	547
NZ_AQQH01000010.1	gb|AAC76093.1|ARO:3002986|bacA	89.4	273	29	0	56550	55732	1	273	1.02e-155	484
NZ_AQQH01000012.1	gb|WP_041777404.1|ARO:3004480|Bado_rpoB_RIF	44.6	1369	460	16	4384	8367	28	1138	0.0	1061
NZ_AQQH01000012.1	gb|BAD59497.1|ARO:3000501|rpoB2	44.2	1362	458	15	4384	8367	28	1121	0.0	1032
NZ_AQQH01000012.1	gb|AAK37618.1|ARO:3005008|TxR	40.3	320	171	4	30127	31083	7	307	2.12e-64	222
NZ_AQQH01000012.1	gb|BAB38260.1|ARO:3000830|cpxA	30.0	237	146	8	29073	29753	227	453	4.90e-21	98.6
NZ_AQQH01000012.1	gb|ACL82958.1|ARO:3002939|vanS_in_vanM_cl	28.2	227	141	8	29124	29759	145	364	3.80e-16	82.4
NZ_AQQH01000012.1	gb|CYF42523.1|ARO:3004047|kdpD	25.3	241	168	3	29070	29756	639	879	4.48e-15	81.3
NZ_AQQH01000012.1	gb|AAR84673.1|ARO:3002936|vanS_in_vanF_cl	28.4	225	139	8	29124	29753	145	362	1.55e-12	71.2
NZ_AQQH01000012.1	gb|MBY8651250.1|ARO:3007192|vanS_in_vanP_cl	24.2	231	151	6	29064	29714	129	349	1.94e-11	67.8
NZ_AQQH01000013.1	gb|AFH35853.1|ARO:3001328|Ecol_mdfA	85.6	410	59	0	18106	16877	1	410	3.78e-225	689
NZ_AQQH01000013.1	gb|AAC77293.1|ARO:3001214|mdtM	42.2	377	216	2	18064	16937	11	386	1.14e-92	308
NZ_AQQH01000013.1	gb|AKA86814.1|ARO:3003746|optrA	31.8	532	348	8	50923	49358	25	551	4.12e-74	263
NZ_AQQH01000013.1	gb|AVI44920.1|ARO:3004470|poxtA	32.1	539	330	14	50923	49364	5	526	4.42e-66	236
NZ_AQQH01000013.1	gb|APB03219.1|ARO:3003986|TaeA	30.9	541	339	10	50938	49370	3	526	6.49e-65	235
NZ_AQQH01000013.1	gb|AAR84672.1|ARO:3002925|vanR_in_vanF_cl	41.2	226	132	1	2245	1568	5	229	4.12e-53	187
NZ_AQQH01000013.1	gb|AHB37625.1|ARO:3004715|Scoh_vga(E)	27.4	555	274	13	50926	49370	7	468	1.04e-51	193
NZ_AQQH01000013.1	gb|ACL82957.1|ARO:3002928|vanR_in_vanM_cl	41.9	227	130	2	2245	1568	5	230	1.50e-50	180
NZ_AQQH01000013.1	gb|ABH10964.1|ARO:3002830|vgaALC	33.8	396	222	9	50452	49358	87	473	1.21e-49	187
NZ_AQQH01000013.1	gb|AAA26684.1|ARO:3002829|vgaA	32.8	396	226	7	50452	49358	87	473	1.21e-49	187
NZ_AQQH01000013.1	gb|BAB80490.1|ARO:3007644|Cper_cplR	27.8	561	307	12	50956	49358	17	507	1.65e-49	187
NZ_AQQH01000013.1	gb|AAB95639.1|ARO:3000118|vgaB	27.3	554	302	12	50923	49358	8	492	2.21e-49	187
NZ_AQQH01000013.1	gb|ACX92986.2|ARO:3002832|vgaD	26.3	578	299	13	50938	49325	3	493	2.35e-49	186
NZ_AQQH01000013.1	gb|CBY88983.1|ARO:3002833|vgaE	31.8	418	227	10	50503	49370	69	468	3.10e-49	186
NZ_AQQH01000013.1	gb|AJP12342.1|ARO:3007637|cplR	28.1	549	302	14	50923	49358	8	490	9.44e-49	185
NZ_AQQH01000013.1	gb|APB03214.1|ARO:3003980|tetA(58)	39.0	236	143	1	82669	83373	8	243	9.84e-49	179
NZ_AQQH01000013.1	gb|NP_388442.1|ARO:3004476|vmlR	29.7	543	279	15	50938	49412	4	477	1.31e-47	181
NZ_AQQH01000013.1	gb|AAA50325.1|ARO:3003036|oleB	30.2	543	344	12	50935	49394	33	569	1.96e-47	181
NZ_AQQH01000013.1	gb|CBL58195.1|ARO:3002831|vgaC	32.0	387	227	6	50443	49370	89	468	1.97e-47	180
NZ_AQQH01000013.1	gb|MBY8651251.1|ARO:3007191|vanR_in_vanP_cl	37.7	236	141	2	2260	1568	2	236	2.66e-46	168
NZ_AQQH01000013.1	gb|AGN74946.1|ARO:3003749|salA	24.9	519	341	7	50845	49349	33	522	5.63e-46	176
NZ_AQQH01000013.1	gb|ABA71727.1|ARO:3002926|vanR_in_vanG_cl	38.9	234	133	3	2254	1574	1	231	2.04e-45	165
NZ_AQQH01000013.1	gb|QNR09092.1|ARO:3007042|msr(G)	29.9	509	253	13	50857	49433	32	470	2.06e-45	173
NZ_AQQH01000013.1	gb|DAC81085.1|ARO:3005088|msrH	29.6	517	257	16	50857	49415	32	477	3.83e-45	172
NZ_AQQH01000013.1	gb|ATC67679.1|ARO:3000838|arlR	41.1	224	120	5	2242	1574	4	216	1.08e-44	162
NZ_AQQH01000016.1	gb|AIA35096.1|ARO:3005059|LptD	99.9	782	1	0	181477	183822	1	782	0.0	1602
NZ_AQQH01000016.1	gb|AAC77293.1|ARO:3001214|mdtM	76.4	406	92	1	325878	327083	4	409	1.06e-199	617
NZ_AQQH01000016.1	gb|VWQ00850.1|ARO:3003843|leuO	83.1	302	51	0	142916	142011	13	314	5.32e-167	519
NZ_AQQH01000016.1	gb|APB03219.1|ARO:3003986|TaeA	40.7	509	295	6	250018	251535	31	535	4.45e-105	355
NZ_AQQH01000016.1	gb|AMQ12811.1|ARO:3004111|FosA6	98.6	139	2	0	334639	334223	1	139	3.32e-87	283
NZ_AQQH01000016.1	gb|ACJ41547.2|ARO:3004574|Abau_AbaQ	36.5	425	264	4	311007	312278	2	421	7.30e-86	291
NZ_AQQH01000016.1	gb|AJE60855.1|ARO:3003209|fosA5	97.8	137	3	0	334639	334229	1	137	7.37e-86	279
NZ_AQQH01000016.1	gb|AFH35853.1|ARO:3001328|Ecol_mdfA	39.1	391	236	2	325857	327026	1	390	2.99e-85	288
NZ_AQQH01000016.1	gb|AEG78825.1|ARO:3002872|FosA3	79.0	138	29	0	334639	334226	1	138	1.21e-68	229
NZ_AQQH01000016.1	gb|BAP18892.1|ARO:3003210|FosA4	78.3	138	30	0	334639	334226	1	138	1.97e-67	226
NZ_AQQH01000016.1	gb|ACC85616.1|ARO:3002804|FosA2	69.9	136	41	0	334639	334232	1	136	4.64e-61	208
NZ_AQQH01000016.1	gb|AKA86814.1|ARO:3003746|optrA	32.3	529	325	13	249979	251511	35	548	9.75e-61	225
NZ_AQQH01000016.1	gb|AAC32027.1|ARO:3002817|carA	33.1	541	311	10	249979	251484	20	548	7.25e-60	219
NZ_AQQH01000016.1	gb|QEI22965.1|ARO:3007371|FosA8	66.2	136	46	0	334639	334232	1	136	1.29e-56	195
NZ_AQQH01000016.1	gb|CAA45050.1|ARO:3002828|srmB	31.5	542	323	12	249979	251493	20	550	8.04e-56	207
NZ_AQQH01000016.1	gb|ANQ03635.1|ARO:3005162|FosA7.5	64.7	136	48	0	334639	334232	1	136	1.09e-55	192
NZ_AQQH01000016.1	gb|KKE03230.1|ARO:3004113|FosA7	64.7	136	48	0	334639	334232	1	136	1.49e-55	192
NZ_AQQH01000016.1	gb|AAG04518.1|ARO:3000149|FosA	65.2	138	45	1	334639	334226	1	135	5.44e-52	182
NZ_AQQH01000016.1	gb|AVI44920.1|ARO:3004470|poxtA	30.3	515	330	13	250018	251508	28	531	5.56e-52	196
NZ_AQQH01000016.1	gb|QHR93773.1|ARO:3005024|FosL1	63.8	138	48	1	334639	334226	1	136	8.04e-50	176
NZ_AQQH01000016.1	gb|AAD51348.1|ARO:3003066|smeR	45.0	222	116	3	244498	243836	10	226	2.24e-48	175
NZ_AQQH01000016.1	gb|AAA25550.1|ARO:3003105|dfrA3	52.5	160	75	1	188944	188468	2	161	4.39e-46	166
NZ_AQQH01000016.1	gb|ABO11759.2|ARO:3004573|Abau_AbaF	30.0	407	274	7	228797	227604	7	411	7.32e-46	175
NZ_AQQH01000016.1	gb|ABA71731.1|ARO:3002909|vanG	33.2	346	182	5	124934	124032	5	346	2.86e-45	171
NZ_AQQH01000016.1	gb|CBL58195.1|ARO:3002831|vgaC	32.6	417	236	7	250375	251529	69	472	9.56e-45	174
NZ_AQQH01000019.1	gb|AXF35727.1|ARO:3005121|lsaD	25.6	203	119	6	34267	34875	308	478	1.22e-08	60.1
NZ_AQQH01000019.1	gb|AJP12342.1|ARO:3007637|cplR	37.0	81	46	2	34696	34935	98	174	2.39e-06	52.8
NZ_AQQH01000019.1	gb|ABH10964.1|ARO:3002830|vgaALC	26.3	209	83	6	34318	34932	14	155	1.19e-05	50.4
NZ_AQQH01000019.1	gb|AAA26684.1|ARO:3002829|vgaA	26.3	209	83	6	34318	34932	14	155	1.19e-05	50.4
NZ_AQQH01000019.1	gb|BAB80490.1|ARO:3007644|Cper_cplR	35.4	79	46	2	34696	34929	116	190	1.25e-05	50.4
NZ_AQQH01000021.1	gb|CCI79240.1|ARO:3005047|eptB	99.3	574	4	0	3569	1848	1	574	0.0	1162
NZ_AQQH01000021.1	gb|ABX00624.1|ARO:3002881|lmrC	38.5	509	306	3	20685	19177	21	528	1.44e-84	290
NZ_AQQH01000021.1	gb|ACJ41547.2|ARO:3004574|Abau_AbaQ	28.0	407	279	6	13187	14380	15	416	6.28e-50	186
NZ_AQQH01000021.1	gb|APB03214.1|ARO:3003980|tetA(58)	36.8	242	145	3	89816	89100	15	251	3.53e-44	166
NZ_AQQH01000021.1	gb|AAA26793.1|ARO:3003748|oleC	33.1	293	186	3	89801	88953	3	295	3.36e-41	157
NZ_AQQH01000021.1	gb|CBY88983.1|ARO:3002833|vgaE	26.9	494	280	12	20658	19195	28	446	1.30e-34	142
NZ_AQQH01000021.1	gb|AAB95639.1|ARO:3000118|vgaB	26.9	491	294	14	20643	19195	33	466	3.60e-32	135
NZ_AQQH01000021.1	gb|BAE78116.1|ARO:3003576|eptA	25.7	549	338	23	3470	1905	21	526	6.18e-31	132
NZ_AQQH01000021.1	gb|AAR96051.1|ARO:3002894|otr(C)	31.9	216	142	4	89807	89172	14	228	3.36e-26	114
NZ_AQQH01000021.1	gb|QQA64075.1|ARO:3007043|msr(I)	25.5	487	301	13	20643	19204	35	466	2.49e-25	114
NZ_AQQH01000021.1	gb|AHA41499.1|ARO:3002948|vanH_in_vanO_cl	31.3	256	143	8	14663	15382	105	343	2.18e-24	108
NZ_AQQH01000021.1	gb|MBY8651254.1|ARO:3007188|vanH_in_vanP_cl	27.8	248	156	7	14663	15373	71	306	9.92e-16	82.0
NZ_AQQH01000021.1	gb|AHB37625.1|ARO:3004715|Scoh_vga(E)	24.7	365	195	8	20643	19573	33	325	9.69e-15	81.3
NZ_AQQH01000021.1	gb|AAA99504.1|ARO:3002987|bcrA	30.3	221	133	7	32419	33072	18	220	7.82e-13	73.2
NZ_AQQH01000021.1	gb|AEO25219.1|ARO:3004651|lin	31.4	153	63	3	19653	19195	31	141	6.04e-10	65.9
NZ_AQQH01000021.1	gb|DAC81085.1|ARO:3005088|msrH	32.7	156	81	2	19653	19186	33	164	3.81e-09	63.2
NZ_AQQH01000021.1	gb|ACS83748.1|ARO:3000573|tet(43)	29.2	192	125	5	16672	17229	30	216	1.44e-07	58.2
NZ_AQQH01000021.1	gb|AAD44693.1|ARO:3000816|mtrA	33.3	81	54	0	35439	35681	215	295	1.10e-06	54.3
NZ_AQQH01000021.1	gb|AVI44920.1|ARO:3004470|poxtA	28.6	168	103	5	89807	89310	330	482	1.75e-06	54.7
NZ_AQQH01000021.1	gb|ABV18113.1|ARO:3001329|mdtG	23.4	286	174	7	16918	17751	75	323	7.13e-06	52.4
NZ_AQQH01000021.1	gb|CCQ22388.1|ARO:3000421|norB	27.5	182	122	3	13187	13726	13	186	1.65e-04	48.1
NZ_AQQH01000021.1	gb|AAC36944.1|ARO:3003006|blt	23.2	151	107	2	16846	17286	42	187	3.34e-04	47.0
NZ_AQQH01000022.1	gb|CDO12042.1|ARO:3005053|ArnT	99.5	551	3	0	10057	11709	1	551	0.0	1067
NZ_AQQH01000022.1	gb|AAG06942.1|ARO:3002985|arnA	70.0	650	192	3	7176	9122	4	651	2.36e-306	934
NZ_AQQH01000022.1	gb|AAC75314.1|ARO:3003578|PmrF	84.7	320	46	1	6208	7167	6	322	6.04e-175	541
NZ_AQQH01000022.1	gb|BAE77933.1|ARO:3000518|CRP	99.0	210	2	0	122342	121713	1	210	1.17e-132	415
NZ_AQQH01000022.1	gb|AKA86814.1|ARO:3003746|optrA	34.1	508	316	7	127317	125842	34	538	3.74e-84	293
NZ_AQQH01000022.1	gb|AAA20117.1|ARO:3000195|tetB(P)	26.2	701	424	10	135238	137295	6	628	3.35e-68	246
NZ_AQQH01000022.1	gb|AAF01499.1|ARO:3000193|tet(T)	27.9	685	415	17	135238	137268	5	618	5.97e-68	245
NZ_AQQH01000022.1	gb|APB03219.1|ARO:3003986|TaeA	31.9	514	319	12	127326	125845	14	516	4.11e-65	236
NZ_AQQH01000022.1	gb|AAR29969.1|ARO:3007121|tet(O/W)	27.5	683	417	15	135238	137274	5	613	2.96e-60	222
NZ_AQQH01000022.1	gb|ABF69686.1|ARO:3007122|tet(O/W/32/O)	27.2	681	422	13	135238	137274	5	613	1.32e-59	220
NZ_AQQH01000022.1	gb|AAO42740.1|ARO:3007123|tet(O/W/O)	27.5	683	417	15	135238	137274	5	613	1.32e-59	220
NZ_AQQH01000022.1	gb|CAA79727.1|ARO:3000191|tet(Q)	26.0	665	423	10	135238	137232	21	616	1.87e-59	220
NZ_AQQH01000022.1	gb|CAA10975.1|ARO:3000194|tet(W)	28.0	685	411	17	135238	137274	5	613	1.06e-58	217
NZ_AQQH01000022.1	gb|AAA25293.1|ARO:3000192|tet(S)	26.1	682	422	13	135238	137265	5	610	1.20e-57	214
NZ_AQQH01000022.1	gb|AAR29485.1|ARO:3007120|tet(O/M/O)	26.4	689	417	14	135238	137274	5	613	3.80e-57	213
NZ_AQQH01000022.1	gb|CAD55718.1|ARO:3000197|tet(36)	24.0	692	453	11	135229	137298	2	622	1.38e-55	208
NZ_AQQH01000022.1	gb|CAA45050.1|ARO:3002828|srmB	30.3	544	314	11	127317	125836	19	547	1.38e-55	206
NZ_AQQH01000022.1	gb|AMP42147.1|ARO:3004442|tet(W/N/W)	27.0	686	411	18	135238	137265	5	610	2.45e-55	207
NZ_AQQH01000022.1	gb|NP_388442.1|ARO:3004476|vmlR	28.7	522	287	11	127320	125842	17	482	5.83e-55	204
NZ_AQQH01000022.1	gb|ACH87088.1|ARO:3000196|tet(32)	26.0	681	428	13	135238	137271	5	612	5.97e-55	206
NZ_AQQH01000022.1	gb|CAC41371.2|ARO:3007119|tet(O/32/O)	26.8	682	423	13	135238	137274	5	613	1.08e-54	205
NZ_AQQH01000022.1	gb|AAA50325.1|ARO:3003036|oleB	32.6	525	287	16	127326	125899	43	549	2.27e-54	202
NZ_AQQH01000022.1	gb|BAB82500.1|ARO:3000186|tet(M)	26.3	684	418	15	135238	137265	5	610	3.55e-54	204
NZ_AQQH01000022.1	gb|AVI44920.1|ARO:3004470|poxtA	28.0	529	346	11	127344	125836	5	524	1.06e-53	200
NZ_AQQH01000022.1	gb|AAL09826.1|ARO:3007124|tet(W/32/O)	27.2	694	405	19	135238	137274	5	613	2.10e-53	201
NZ_AQQH01000023.1	gb|BAE78082.1|ARO:3003550|mdtP	49.8	462	231	1	6157	7539	19	480	1.20e-132	426
NZ_AQQH01000023.1	gb|BAE78084.1|ARO:3003548|mdtN	61.9	333	126	1	3155	4150	10	342	3.33e-122	390
NZ_AQQH01000023.1	gb|BAE78083.1|ARO:3003549|mdtO	37.1	533	297	12	4175	5710	14	529	4.19e-79	278
NZ_AQQH01000023.1	gb|WMY66391.1|ARO:3007682|MdtQ	37.1	466	275	6	6163	7536	19	474	2.34e-74	257
NZ_AQQH01000023.1	gb|CAC14596.1|ARO:3003057|smeF	27.1	462	313	7	6163	7536	21	462	1.05e-29	125
NZ_AQQH01000023.1	gb|AAF36802.1|ARO:3002945|vanH_in_vanF_cl	30.2	255	162	5	51404	50673	51	300	1.77e-22	101
NZ_AQQH01000023.1	gb|ACL82960.1|ARO:3002947|vanH_in_vanM_cl	30.8	247	153	5	51404	50697	57	296	1.15e-21	99.0
NZ_AQQH01000023.1	gb|AAA65955.1|ARO:3002942|vanH_in_vanA_cl	30.7	228	140	4	51323	50673	80	300	6.04e-18	87.8
NZ_AQQH01000023.1	gb|BAA16547.1|ARO:3000027|emrA	27.7	303	200	7	3239	4129	51	340	1.09e-17	88.2
NZ_AQQH01000023.1	gb|BAA11236.1|ARO:3000206|emrK	26.4	314	212	8	3221	4144	2	302	5.31e-17	85.5
NZ_AQQH01000023.1	gb|CAJ77857.1|ARO:3000778|adeG	30.6	186	77	3	3266	3823	70	203	9.28e-14	76.3
NZ_AQQH01000023.1	gb|BAE06009.1|ARO:3003700|opmE	24.4	475	322	12	6154	7536	12	463	5.84e-13	74.3
NZ_AQQH01000023.1	gb|AAD51344.1|ARO:3003051|smeA	25.8	260	127	7	3275	4012	65	272	1.23e-08	60.1
NZ_AQQH01000023.1	gb|AAB58160.1|ARO:3003009|ceoA	53.7	54	25	0	3266	3427	71	124	2.91e-08	58.9
NZ_AQQH01000023.1	gb|AAG03546.1|ARO:3003679|TriA	23.7	283	159	4	3290	4123	75	305	6.17e-08	57.8
NZ_AQQH01000023.1	gb|AAG05881.1|ARO:3000803|MexE	26.9	201	94	4	3266	3865	63	211	3.33e-06	52.4
NZ_AQQH01000023.1	gb|CAA79966.1|ARO:3003665|NmcR	23.4	256	161	9	52693	53418	10	244	4.78e-06	51.2
NZ_AQQH01000023.1	gb|AAL19306.1|ARO:3000789|mdsA	21.3	263	139	4	3266	4012	71	279	2.99e-05	49.3
NZ_AQQH01000025.1	gb|AAG06942.1|ARO:3002985|arnA	29.4	313	201	6	5263	6198	3	296	5.85e-26	115
NZ_AQQH01000025.1	gb|AAL19308.1|ARO:3000504|golS	34.9	129	81	2	10181	9795	3	128	6.30e-15	73.6
NZ_AQQH01000026.1	gb|CAC14596.1|ARO:3003057|smeF	41.4	469	257	8	16263	14881	6	464	5.85e-91	303
NZ_AQQH01000026.1	gb|BAM10414.1|ARO:3003039|OprA	40.9	467	253	5	16242	14881	10	466	3.78e-88	295
NZ_AQQH01000026.1	gb|AAD51346.1|ARO:3003053|smeC	40.0	470	262	7	16263	14890	6	467	1.23e-84	285
NZ_AQQH01000026.1	gb|AAB41958.1|ARO:3000802|OprJ	40.9	465	255	7	16236	14881	10	467	9.76e-84	283
NZ_AQQH01000026.1	gb|EGP45230.2|ARO:3004142|OprZ	38.7	462	270	7	16263	14893	1	454	4.47e-82	278
NZ_AQQH01000026.1	gb|AAG03816.1|ARO:3000379|OprM	40.6	473	262	9	16260	14881	3	469	1.55e-81	277
NZ_AQQH01000026.1	gb|CAA64891.1|ARO:3000812|mtrE	38.7	457	269	7	16248	14890	9	458	3.54e-76	261
NZ_AQQH01000026.1	gb|AAL19304.1|ARO:3000791|mdsC	36.8	470	278	8	16248	14881	32	496	5.95e-75	258
NZ_AQQH01000026.1	gb|AAX14803.1|ARO:3000782|adeK	36.3	465	285	6	16272	14890	6	463	1.63e-74	256
NZ_AQQH01000026.1	gb|ALX99516.1|ARO:3003811|adeC	35.0	469	291	7	16281	14890	2	461	1.25e-70	244
NZ_AQQH01000026.1	gb|AAP43110.2|ARO:3003923|oqxB	24.1	1062	712	28	13140	10093	18	1031	2.45e-62	233
NZ_AQQH01000026.1	gb|AAL14440.1|ARO:3000775|adeB	23.6	1059	742	20	13197	10093	1	1016	3.81e-62	232
NZ_AQQH01000026.1	gb|AAG05914.1|ARO:3004075|MuxC	23.0	1058	763	16	13182	10054	8	1028	1.59e-61	230
NZ_AQQH01000026.1	gb|AAG07763.1|ARO:3003031|MexW	24.0	1051	725	22	13182	10084	8	1002	5.26e-59	222
NZ_AQQH01000026.1	gb|AAG05882.1|ARO:3000804|MexF	22.7	1080	746	22	13191	10084	5	1039	9.13e-58	219
NZ_AQQH01000026.1	gb|ABS43151.1|ARO:3000784|cmeB	23.9	1067	730	25	13146	10060	15	1037	2.42e-57	217
NZ_AQQH01000026.1	gb|AAL19305.1|ARO:3000790|mdsB	23.1	1060	748	23	13170	10093	8	1034	3.55e-57	217
NZ_AQQH01000026.1	gb|BAA16344.1|ARO:3000491|acrD	22.8	1046	745	18	13140	10084	16	1026	4.64e-54	207
NZ_AQQH01000026.1	gb|AAB41957.1|ARO:3000801|MexD	23.7	1058	725	26	13146	10078	14	1024	3.40e-53	204
NZ_AQQH01000026.1	gb|BAE06006.1|ARO:3003705|mexN	22.7	1066	762	22	13221	10066	3	1020	4.32e-53	204
NZ_AQQH01000026.1	gb|AAC76298.1|ARO:3000502|AcrF	23.0	1074	739	20	13197	10093	1	1025	7.46e-53	203
NZ_AQQH01000026.1	gb|AAA74437.1|ARO:3000378|MexB	23.1	1058	723	24	13140	10093	16	1024	1.05e-52	202
NZ_AQQH01000026.1	gb|AAD51345.1|ARO:3003052|smeB	22.3	1088	737	22	13197	10084	1	1030	1.07e-52	202
NZ_AQQH01000026.1	gb|AAX14802.1|ARO:3000781|adeJ	22.8	1095	735	32	13197	10078	1	1040	1.12e-52	202
NZ_AQQH01000026.1	gb|CAH14033.1|ARO:3004100|LpeB	21.7	1048	708	23	13119	10084	25	995	1.54e-52	202
NZ_AQQH01000027.1	gb|CEA29750.1|ARO:3003154|SHV-187	99.7	287	1	0	37208	38068	2	288	8.05e-179	550
NZ_AQQH01000027.1	gb|CAJ47130.2|ARO:3001129|SHV-75	100	285	0	0	37214	38068	2	286	1.39e-178	550
NZ_AQQH01000027.1	gb|CAJ47138.2|ARO:3001137|SHV-83	99.7	286	1	0	37211	38068	1	286	1.89e-178	549
NZ_AQQH01000027.1	gb|WP_122630839.1|ARO:3005253|SHV-202	99.3	287	2	0	37208	38068	2	288	5.15e-178	548
NZ_AQQH01000027.1	gb|AEI83430.1|ARO:3001181|SHV-137	99.6	285	1	0	37214	38068	2	286	8.88e-178	547
NZ_AQQH01000027.1	gb|ACR66323.1|ARO:3001059|SHV-1	99.6	285	1	0	37214	38068	2	286	1.21e-177	547
NZ_AQQH01000027.1	gb|AEK80394.1|ARO:3001182|SHV-140	99.3	286	2	0	37211	38068	1	286	1.21e-177	547
NZ_AQQH01000027.1	gb|AAP03063.1|ARO:3001105|SHV-48	99.3	285	2	0	37214	38068	2	286	1.65e-177	546
NZ_AQQH01000027.1	gb|WP_122630878.1|ARO:3005228|SHV-226	99.3	285	2	0	37214	38068	2	286	2.25e-177	546
NZ_AQQH01000027.1	gb|AIS67768.1|ARO:3003152|SHV-185	99.3	285	2	0	37214	38068	2	286	3.06e-177	546
NZ_AQQH01000027.1	gb|ABS72351.1|ARO:3001152|SHV-103	99.3	285	2	0	37214	38068	2	286	3.06e-177	546
NZ_AQQH01000027.1	gb|HBU8836957.1|ARO:3001138|SHV-84	99.3	285	2	0	37214	38068	2	286	3.06e-177	546
NZ_AQQH01000027.1	gb|AHA80962.1|ARO:3001362|SHV-179	99.3	285	2	0	37214	38068	2	286	3.06e-177	546
NZ_AQQH01000027.1	gb|WP_122630867.1|ARO:3005212|SHV-212	99.3	285	2	0	37214	38068	2	286	3.06e-177	546
NZ_AQQH01000027.1	gb|WP_065419573.1|ARO:3005223|SHV-194	99.3	285	2	0	37214	38068	2	286	3.06e-177	546
NZ_AQQH01000027.1	gb|WP_063864620.1|ARO:3001341|SHV-132	99.3	285	2	0	37214	38068	2	286	3.06e-177	546
NZ_AQQH01000027.1	gb|CCK86744.1|ARO:3001347|SHV-164	99.3	285	2	0	37214	38068	2	286	4.17e-177	545
NZ_AQQH01000027.1	gb|AAS98184.1|ARO:3001106|SHV-49	99.3	285	2	0	37214	38068	2	286	4.17e-177	545
NZ_AQQH01000027.1	gb|AAL79576.1|ARO:3001096|SHV-38	99.3	285	2	0	37214	38068	2	286	4.17e-177	545
NZ_AQQH01000027.1	gb|AFQ23956.1|ARO:3001189|SHV-150	99.3	285	2	0	37214	38068	2	286	4.17e-177	545
NZ_AQQH01000027.1	gb|ABA06587.1|ARO:3001120|SHV-65	99.3	285	2	0	37214	38068	2	286	4.17e-177	545
NZ_AQQH01000027.1	gb|HBU8935839.1|ARO:3001077|SHV-19	99.3	285	2	0	37214	38068	2	286	4.17e-177	545
NZ_AQQH01000027.1	gb|AAF36719.1|ARO:3001084|SHV-26	99.3	285	2	0	37214	38068	2	286	4.17e-177	545
NZ_AQQH01000027.1	gb|AAG15384.1|ARO:3001086|SHV-28	99.3	285	2	0	37214	38068	2	286	4.17e-177	545
NZ_AQQH01000027.1	gb|AFQ23954.1|ARO:3001187|SHV-148	99.3	285	2	0	37214	38068	2	286	4.17e-177	545
NZ_AQQH01000028.1	gb|ALH22601.1|ARO:3000620|adeL	45.8	288	155	1	29176	28316	1	288	1.20e-76	258
NZ_AQQH01000030.1	gb|AAF67494.2|ARO:3002522|novA	28.1	242	145	8	29612	30295	357	583	1.01e-15	82.8
NZ_AQQH01000030.1	gb|WP_104671188.1|ARO:3003948|efrA	24.5	253	154	7	29570	30283	320	550	1.71e-13	75.5
NZ_AQQH01000031.1	gb|AAG03380.1|ARO:3002703|cmx	26.7	180	118	4	25348	24830	3	175	1.07e-06	53.5
NZ_AQQH01000031.1	gb|AAF40764.1|ARO:3003962|farB	26.6	158	110	4	25348	24881	13	166	2.77e-05	49.3
NZ_AQQH01000032.1	gb|BAB38260.1|ARO:3000830|cpxA	93.7	457	29	0	42180	43550	1	457	1.16e-277	842
NZ_AQQH01000032.1	gb|SIP52035.1|ARO:3004054|Paer_CpxR	48.7	228	108	3	41485	42162	1	221	2.41e-59	205
NZ_AQQH01000032.1	gb|AAK37618.1|ARO:3005008|TxR	41.5	248	142	1	81797	82540	17	261	2.43e-52	188
NZ_AQQH01000032.1	gb|AAG05188.1|ARO:3005068|ParR	37.4	230	137	2	41482	42168	5	228	2.55e-44	162
NZ_AQQH01000032.1	gb|AAF86641.1|ARO:3002922|vanR_in_vanC_cl	39.6	230	131	3	41491	42168	4	229	4.19e-44	161
NZ_AQQH01000032.1	gb|AEP40503.1|ARO:3002929|vanR_in_vanN_cl	37.6	229	141	2	41485	42168	1	228	4.80e-43	158
NZ_AQQH01000032.1	gb|ACL82957.1|ARO:3002928|vanR_in_vanM_cl	38.1	226	138	2	41494	42168	6	230	6.93e-43	158
NZ_AQQH01000032.1	gb|AAR84672.1|ARO:3002925|vanR_in_vanF_cl	37.5	224	137	2	41494	42162	6	227	9.16e-43	157
NZ_AQQH01000032.1	gb|AAL27445.1|ARO:3002924|vanR_in_vanE_cl	34.9	229	146	2	41485	42168	1	227	6.47e-41	152
NZ_AQQH01000032.1	gb|BAE85478.1|ARO:3003728|vanR_in_vanI_cl	36.4	228	140	4	41494	42168	5	230	1.31e-40	151
NZ_AQQH01000032.1	gb|ATC67679.1|ARO:3000838|arlR	36.2	229	134	3	41485	42168	1	218	1.65e-40	150
NZ_AQQH01000032.1	gb|AAA65953.1|ARO:3002919|vanR_in_vanA_cl	35.4	229	144	3	41488	42168	3	229	4.37e-40	150
NZ_AQQH01000032.1	gb|MBY8651251.1|ARO:3007191|vanR_in_vanP_cl	33.1	239	150	3	41482	42177	4	239	4.77e-39	147
NZ_AQQH01000032.1	gb|AAD51348.1|ARO:3003066|smeR	38.0	229	130	5	41482	42162	7	225	1.22e-38	145
NZ_AQQH01000032.1	gb|ABX54691.1|ARO:3002927|vanR_in_vanL_cl	36.0	228	144	2	41488	42168	3	229	1.30e-38	145
NZ_AQQH01000032.1	gb|ABA71727.1|ARO:3002926|vanR_in_vanG_cl	33.0	230	150	2	41491	42168	4	233	4.99e-38	144
NZ_AQQH01000032.1	gb|AAM09851.1|ARO:3002923|vanR_in_vanD_cl	34.2	228	147	3	41491	42168	4	230	3.95e-37	141
NZ_AQQH01000032.1	gb|ADM92605.1|ARO:3000553|adeR	34.1	226	145	4	41494	42168	15	237	8.30e-35	135
NZ_AQQH01000032.1	gb|AHA41505.1|ARO:3002930|vanR_in_vanO_cl	34.1	229	135	5	41491	42168	5	220	9.04e-30	120
NZ_AQQH01000032.1	gb|AAC73788.1|ARO:3003841|kdpE	30.4	230	153	2	41485	42171	1	224	8.51e-29	117
NZ_AQQH01000032.1	gb|CBH51823.1|ARO:3000556|tet(44)	46.2	130	68	1	78345	77962	5	134	2.25e-23	108
NZ_AQQH01000032.1	gb|ACH87088.1|ARO:3000196|tet(32)	44.6	130	70	1	78345	77962	5	134	2.73e-22	105
NZ_AQQH01000032.1	gb|AAC75271.1|ARO:3003952|YojI	35.0	197	114	6	53411	53998	342	525	2.68e-16	85.9
NZ_AQQH01000032.1	gb|ADM92606.1|ARO:3000549|adeS	28.7	275	151	8	42744	43496	89	342	2.99e-16	84.0
NZ_AQQH01000032.1	gb|AAA99504.1|ARO:3002987|bcrA	26.1	226	148	6	54113	54775	3	214	1.80e-12	71.6
NZ_AQQH01000033.1	gb|ABO11759.2|ARO:3004573|Abau_AbaF	34.5	432	264	6	88157	89428	5	425	9.67e-72	250
NZ_AQQH01000033.1	gb|AAG05661.1|ARO:3004107|Paer_soxR	64.5	141	50	0	46182	46604	10	150	3.55e-54	189
NZ_AQQH01000033.1	gb|AEY83581.1|ARO:3000510|Saur_mupB_MUP	21.3	893	535	23	260622	258187	9	814	1.18e-47	190
NZ_AQQH01000033.1	gb|CAA53189.1|ARO:3000521|Saur_mupA_MUP	22.4	883	529	23	260601	258175	16	816	1.04e-46	187
NZ_AQQH01000033.1	gb|AYV52072.1|ARO:3002882|lmrD	30.2	461	298	9	130212	128875	181	632	5.89e-45	177
NZ_AQQH01000033.1	gb|AAC74000.1|ARO:3003950|msbA	27.9	448	317	5	130212	128881	104	549	1.23e-40	163
NZ_AQQH01000033.1	gb|AAF67494.2|ARO:3002522|novA	27.6	529	342	12	130389	128875	58	569	3.66e-39	159
NZ_AQQH01000033.1	gb|CDO61516.1|ARO:3003949|efrB	31.3	364	239	6	129978	128914	1	362	5.61e-39	152
NZ_AQQH01000033.1	gb|AEP40502.2|ARO:3002975|vanT_in_vanN_cl	32.4	361	218	12	17833	18870	345	694	5.37e-38	157
NZ_AQQH01000033.1	gb|ABA71733.1|ARO:3002972|vanT_in_vanG_cl	30.9	363	233	9	17824	18873	345	702	5.99e-38	157
NZ_AQQH01000033.1	gb|ABX54690.1|ARO:3002974|vanTr_in_vanL	33.1	363	211	12	17848	18882	16	364	1.96e-36	145
NZ_AQQH01000033.1	gb|ANZ79241.1|ARO:3004036|tetB(60)	24.8	455	331	7	130212	128869	101	551	1.12e-33	142
NZ_AQQH01000033.1	gb|SIP52035.1|ARO:3004054|Paer_CpxR	36.8	228	137	3	68626	69309	4	224	2.01e-32	129
NZ_AQQH01000033.1	gb|AAG05188.1|ARO:3005068|ParR	34.2	228	143	4	68626	69309	9	229	4.22e-31	125
NZ_AQQH01000033.1	gb|AAK76137.1|ARO:3000024|patA	28.0	357	231	9	129900	128869	194	537	4.13e-30	130
NZ_AQQH01000033.1	gb|WP_104671188.1|ARO:3003948|efrA	28.1	306	202	4	129756	128869	245	542	1.46e-29	129
NZ_AQQH01000033.1	gb|AET10445.1|ARO:3004033|tetB(46)	25.4	461	318	10	130209	128869	100	548	2.68e-29	128
NZ_AQQH01000033.1	gb|AFK13828.1|ARO:3000823|ramA	47.0	117	61	1	46097	45747	3	118	2.32e-28	114
NZ_AQQH01000033.1	gb|ABX54691.1|ARO:3002927|vanR_in_vanL_cl	35.3	232	136	5	68626	69303	5	228	2.40e-28	117
NZ_AQQH01000033.1	gb|ABA71727.1|ARO:3002926|vanR_in_vanG_cl	33.3	237	144	6	68614	69300	1	231	1.05e-24	107
NZ_AQQH01000033.1	gb|MBY8651251.1|ARO:3007191|vanR_in_vanP_cl	31.9	232	146	6	68626	69300	8	234	1.16e-24	107
NZ_AQQH01000033.1	gb|AAD51348.1|ARO:3003066|smeR	35.0	234	128	4	68626	69306	11	227	2.26e-24	106
NZ_AQQH01000033.1	gb|AAB05622.1|ARO:3002921|vanR_in_vanB_cl	32.9	225	136	4	68626	69300	5	214	9.67e-23	101
NZ_AQQH01000033.1	gb|APB03214.1|ARO:3003980|tetA(58)	30.7	215	147	2	39384	40025	22	235	3.42e-20	97.1
NZ_AQQH01000033.1	gb|AHA41505.1|ARO:3002930|vanR_in_vanO_cl	29.6	226	145	5	68626	69300	6	218	2.76e-19	91.7
NZ_AQQH01000034.1	gb|AAC74000.1|ARO:3003950|msbA	91.8	582	48	0	140780	139035	1	582	0.0	1014
NZ_AQQH01000034.1	gb|CDO13836.1|ARO:3005044|OmpA	99.5	374	2	0	88536	89657	1	374	4.95e-242	736
NZ_AQQH01000034.1	gb|AAV85982.1|ARO:3000535|macB	51.4	650	303	5	181899	179968	2	644	8.03e-189	596
NZ_AQQH01000034.1	gb|CAA09666.1|ARO:3004122|Kpne_OmpK37	58.5	378	133	7	120592	121665	1	374	8.12e-134	426
NZ_AQQH01000034.1	gb|AAF67494.2|ARO:3002522|novA	32.8	573	368	7	140741	139056	27	593	2.06e-79	278
NZ_AQQH01000034.1	gb|ANZ79241.1|ARO:3004036|tetB(60)	30.5	583	388	9	140750	139038	2	579	3.02e-71	253
NZ_AQQH01000034.1	gb|AYV52072.1|ARO:3002882|lmrD	30.0	517	352	6	140570	139041	148	661	3.19e-69	249
NZ_AQQH01000034.1	gb|AAK76136.1|ARO:3000025|patB	32.7	529	341	8	140591	139041	60	585	3.51e-69	247
NZ_AQQH01000034.1	gb|AET10445.1|ARO:3004033|tetB(46)	31.3	571	376	10	140735	139044	13	574	5.06e-69	246
NZ_AQQH01000034.1	gb|AVI44920.1|ARO:3004470|poxtA	31.6	525	335	9	98615	97089	8	524	1.98e-67	241
NZ_AQQH01000034.1	gb|AET10444.1|ARO:3004032|tetA(46)	27.1	568	410	4	140741	139044	3	568	2.44e-64	233
NZ_AQQH01000034.1	gb|AKA86814.1|ARO:3003746|optrA	30.4	514	323	8	98594	97113	35	533	1.54e-62	229
NZ_AQQH01000034.1	gb|WP_104671188.1|ARO:3003948|efrA	28.3	520	366	4	140588	139035	57	571	1.42e-58	216
NZ_AQQH01000034.1	gb|AAK76137.1|ARO:3000024|patA	28.8	518	356	4	140585	139044	55	563	6.79e-58	213
NZ_AQQH01000034.1	gb|ANZ79240.1|ARO:3004035|tetA(60)	27.7	512	366	4	140573	139044	63	572	2.53e-56	209
NZ_AQQH01000034.1	gb|AAC32027.1|ARO:3002817|carA	31.7	546	299	12	98636	97152	6	528	1.55e-55	206
NZ_AQQH01000034.1	gb|AAV85981.1|ARO:3000533|macA	35.3	368	221	5	182984	181926	7	372	2.25e-53	195
NZ_AQQH01000034.1	gb|CBY88983.1|ARO:3002833|vgaE	29.6	524	248	10	98603	97128	15	449	4.79e-53	198
NZ_AQQH01000034.1	gb|AHB37625.1|ARO:3004715|Scoh_vga(E)	28.6	524	253	12	98603	97128	15	449	5.88e-51	192
NZ_AQQH01000034.1	gb|AGN74946.1|ARO:3003749|salA	28.3	516	311	12	98594	97122	17	498	6.80e-50	189
NZ_AQQH01000034.1	gb|MBW0770001.1|ARO:3007026|salB	26.8	526	326	10	98615	97113	10	501	4.48e-48	184
NZ_AQQH01000034.1	gb|AJP12342.1|ARO:3007637|cplR	27.2	534	286	11	98645	97140	1	463	1.30e-47	182
NZ_AQQH01000034.1	gb|MBW0764195.1|ARO:3007027|salC	26.6	522	326	11	98615	97122	10	498	2.69e-47	181
NZ_AQQH01000034.1	gb|AAB95639.1|ARO:3000118|vgaB	25.6	544	302	10	98645	97113	1	474	1.47e-46	179
NZ_AQQH01000034.1	gb|ABH10964.1|ARO:3002830|vgaALC	29.1	523	250	13	98603	97131	16	449	9.04e-46	176
NZ_AQQH01000036.1	gb|AAV85982.1|ARO:3000535|macB	39.5	220	132	1	38760	38101	2	220	2.47e-40	160
NZ_AQQH01000036.1	gb|AAL19308.1|ARO:3000504|golS	36.1	144	91	1	44552	44121	1	143	3.33e-24	100
NZ_AQQH01000036.1	gb|AAA99504.1|ARO:3002987|bcrA	30.4	204	126	5	1733	1125	23	211	1.14e-13	74.3
NZ_AQQH01000036.1	gb|AAK76137.1|ARO:3000024|patA	23.6	225	157	7	1784	1119	330	542	1.13e-11	70.1
NZ_AQQH01000036.1	gb|AAK76136.1|ARO:3000025|patB	25.8	236	152	7	1811	1125	342	561	1.82e-10	66.2
NZ_AQQH01000036.1	gb|AAC75271.1|ARO:3003952|YojI	24.5	261	157	8	1817	1071	315	547	6.68e-10	64.3
NZ_AQQH01000036.1	gb|WP_104671188.1|ARO:3003948|efrA	24.8	214	144	5	1745	1116	348	548	6.99e-10	64.3
NZ_AQQH01000036.1	gb|AYV52072.1|ARO:3002882|lmrD	24.0	233	160	8	1811	1125	418	637	4.03e-07	55.5
NZ_AQQH01000036.1	gb|AAF67494.2|ARO:3002522|novA	25.7	206	142	8	1739	1125	379	574	6.67e-07	54.7
NZ_AQQH01000036.1	gb|NP_862226.1|ARO:3004639|Cstr_tetA	33.7	83	48	1	1448	1221	406	488	3.06e-06	52.4
NZ_AQQH01000036.1	gb|AAO43110.1|ARO:3000300|lsaA	24.5	196	113	5	1802	1230	304	469	7.97e-05	47.8
NZ_AQQH01000036.1	gb|CDO61516.1|ARO:3003949|efrB	23.9	184	101	4	1745	1242	183	343	3.27e-04	45.4
NZ_AQQH01000044.1	gb|BAE78116.1|ARO:3003576|eptA	70.8	538	157	0	5541	7154	6	543	9.78e-255	778
NZ_AQQH01000044.1	gb|AVZ47168.1|ARO:3004693|MCR-3.12	42.5	494	279	3	5679	7154	48	538	4.71e-129	416
NZ_AQQH01000044.1	gb|WP_094308975.1|ARO:3007259|MCR-3.22	42.5	494	279	3	5679	7154	48	538	4.71e-129	416
NZ_AQQH01000044.1	gb|AUN87920.1|ARO:3004500|MCR-3.11	42.5	494	279	3	5679	7154	48	538	6.40e-129	416
NZ_AQQH01000044.1	gb|SBZ31568.1|ARO:3004691|MCR-3.4	42.5	494	279	3	5679	7154	48	538	8.71e-129	415
NZ_AQQH01000044.1	gb|WP_136512112.1|ARO:3007272|MCR-3.29	42.5	494	279	3	5679	7154	48	538	8.71e-129	415
NZ_AQQH01000044.1	gb|ATQ63376.1|ARO:3004504|MCR-3.10	42.3	494	280	3	5679	7154	48	538	1.18e-128	415
NZ_AQQH01000044.1	gb|AST36144.1|ARO:3004508|MCR-3.9	42.3	494	280	3	5679	7154	48	538	1.18e-128	415
NZ_AQQH01000044.1	gb|AST36141.1|ARO:3004510|MCR-3.7	42.5	494	279	3	5679	7154	48	538	1.18e-128	415
NZ_AQQH01000044.1	gb|WP_150823496.1|ARO:3007270|MCR-3.28	42.5	494	279	3	5679	7154	48	538	1.18e-128	415
NZ_AQQH01000044.1	gb|ASU04896.1|ARO:3004505|MCR-3.5	42.5	494	279	3	5679	7154	48	538	2.19e-128	414
NZ_AQQH01000044.1	gb|WP_111273843.1|ARO:3007249|MCR-3.14	42.3	494	280	3	5679	7154	48	538	2.88e-128	414
NZ_AQQH01000044.1	gb|WP_140423331.1|ARO:3007261|MCR-3.26	42.3	494	280	3	5679	7154	48	538	4.05e-128	413
NZ_AQQH01000044.1	gb|AWY10763.1|ARO:3007262|MCR-3.21	42.3	494	280	3	5679	7154	48	538	4.05e-128	413
NZ_AQQH01000044.1	gb|AVX52225.1|ARO:3004516|MCR-8.1	41.5	554	302	11	5532	7160	5	547	4.69e-128	414
NZ_AQQH01000044.1	gb|WP_188331897.1|ARO:3007264|MCR-3.40	42.3	494	280	3	5679	7154	48	538	5.51e-128	413
NZ_AQQH01000044.1	gb|WP_094321595.1|ARO:3007265|MCR-3.24	42.3	494	280	3	5679	7154	48	538	5.51e-128	413
NZ_AQQH01000044.1	gb|WP_188331896.1|ARO:3007250|MCR-3.37	42.1	494	281	3	5679	7154	48	538	7.26e-128	412
NZ_AQQH01000044.1	gb|ASF81896.1|ARO:3004139|MCR-3.1	42.3	494	280	3	5679	7154	48	538	7.49e-128	412
NZ_AQQH01000044.1	gb|WP_094313523.1|ARO:3007256|MCR-3.23	42.3	494	280	3	5679	7154	48	538	7.49e-128	412
NZ_AQQH01000044.1	gb|AWM63467.1|ARO:3007273|MCR-3.19	42.3	494	280	3	5679	7154	48	538	7.49e-128	412
NZ_AQQH01000044.1	gb|WP_118860654.1|ARO:3007228|MCR-8.4	41.5	554	302	11	5532	7160	5	547	8.67e-128	413
NZ_AQQH01000044.1	gb|QIF88262.1|ARO:3007229|MCR-8.2	41.3	554	303	11	5532	7160	5	547	8.67e-128	413
NZ_AQQH01000044.1	gb|WP_188331892.1|ARO:3007248|MCR-3.33	42.3	494	280	3	5679	7154	48	538	1.34e-127	412
NZ_AQQH01000044.1	gb|OYN70668.1|ARO:3004511|MCR-3.2	42.3	494	280	3	5679	7154	48	538	1.39e-127	412
NZ_AQQH01000045.1	gb|ABO11759.2|ARO:3004573|Abau_AbaF	37.6	425	253	7	42502	41246	7	425	3.90e-76	261
NZ_AQQH01000045.1	gb|ALH22601.1|ARO:3000620|adeL	41.0	288	169	1	44856	43996	1	288	1.84e-65	226
NZ_AQQH01000045.1	gb|AAK76137.1|ARO:3000024|patA	30.3	234	120	8	5530	6174	344	553	1.26e-14	80.1
NZ_AQQH01000045.1	gb|AAF67494.2|ARO:3002522|novA	28.1	217	138	6	65455	64823	375	579	2.04e-10	66.6
NZ_AQQH01000045.1	gb|WP_104671188.1|ARO:3003948|efrA	26.3	243	145	9	65506	64823	327	550	5.73e-10	65.1
NZ_AQQH01000045.1	gb|AAC32027.1|ARO:3002817|carA	26.7	273	155	10	4505	5239	21	276	4.92e-09	62.0
NZ_AQQH01000045.1	gb|AAK76136.1|ARO:3000025|patB	24.4	209	146	7	65449	64832	364	563	3.50e-08	59.3
NZ_AQQH01000045.1	gb|CAA45050.1|ARO:3002828|srmB	24.7	283	179	8	4505	5287	21	291	9.94e-08	57.8
NZ_AQQH01000045.1	gb|AAC75271.1|ARO:3003952|YojI	25.8	209	131	5	66210	65602	339	529	2.95e-07	56.2
NZ_AQQH01000045.1	gb|AYV52072.1|ARO:3002882|lmrD	23.0	213	144	5	65449	64832	440	639	1.69e-06	53.9
NZ_AQQH01000045.1	gb|AKC61310.1|ARO:3007645|Cspo_cplR	35.4	79	47	1	65844	65608	98	172	2.70e-04	46.6
NZ_AQQH01000048.1	gb|AAC75271.1|ARO:3003952|YojI	27.5	222	136	5	20167	19526	323	527	6.16e-13	74.3
NZ_AQQH01000048.1	gb|BAB80490.1|ARO:3007644|Cper_cplR	26.4	208	124	5	20167	19547	307	486	1.01e-11	70.5
NZ_AQQH01000048.1	gb|AAK76137.1|ARO:3000024|patA	31.3	166	98	6	35522	35998	347	503	5.17e-11	68.2
NZ_AQQH01000048.1	gb|AET10444.1|ARO:3004032|tetA(46)	22.7	216	162	3	35501	36148	345	555	1.45e-07	57.0
NZ_AQQH01000048.1	gb|CBY88983.1|ARO:3002833|vgaE	24.2	215	134	6	20167	19526	272	458	5.33e-07	55.1
NZ_AQQH01000048.1	gb|WP_104671188.1|ARO:3003948|efrA	25.2	214	143	7	34676	35311	348	546	5.67e-07	55.1
NZ_AQQH01000048.1	gb|QHW12375.1|ARO:3005087|msrF	24.1	203	123	8	20158	19550	299	470	1.50e-06	53.5
NZ_AQQH01000048.1	gb|AHB37625.1|ARO:3004715|Scoh_vga(E)	24.3	214	135	5	20167	19526	272	458	2.74e-06	52.8
NZ_AQQH01000048.1	gb|CAA36304.1|ARO:3000251|msrA	26.9	167	95	4	20158	19661	302	442	1.03e-05	50.8
NZ_AQQH01000048.1	gb|AEO25219.1|ARO:3004651|lin	21.2	198	126	5	35525	36118	290	457	4.89e-04	45.4
NZ_AQQH01000050.1	gb|AAF67494.2|ARO:3002522|novA	29.0	200	129	6	755	177	385	578	4.63e-09	60.5
NZ_AQQH01000052.1	gb|BAB36671.1|ARO:3000832|evgA	24.6	207	148	3	1554	2171	4	203	4.59e-21	93.6
NZ_AQQH01000052.1	gb|AAA99504.1|ARO:3002987|bcrA	26.0	200	140	2	11120	10530	15	209	1.97e-14	76.6
NZ_AQQH01000052.1	gb|ATC67679.1|ARO:3000838|arlR	23.5	200	141	3	1551	2123	4	200	5.21e-08	55.8
NZ_AQQH01000053.1	gb|BAE78084.1|ARO:3003548|mdtN	28.2	294	179	11	1114	281	7	284	1.10e-13	72.8
NZ_AQQH01000053.1	gb|AAG05881.1|ARO:3000803|MexE	27.5	178	79	4	988	461	64	193	1.85e-05	47.4
NZ_AQQH01000053.1	gb|AAB58160.1|ARO:3003009|ceoA	46.0	50	27	0	985	836	73	122	4.17e-05	46.2
NZ_AQQH01000053.1	gb|CAJ77857.1|ARO:3000778|adeG	42.0	50	29	0	985	836	72	121	1.66e-04	44.3
NZ_AQQH01000053.1	gb|AAL19306.1|ARO:3000789|mdsA	28.8	125	68	2	988	614	72	175	8.67e-04	42.0
NZ_AQQH01000055.1	gb|AAC75137.1|ARO:3000794|mdtC	91.4	1025	88	0	232155	229081	1	1025	0.0	1777
NZ_AQQH01000055.1	gb|AAC75136.1|ARO:3000793|mdtB	90.1	1040	103	0	235278	232159	1	1040	0.0	1750
NZ_AQQH01000055.1	gb|AAG05915.1|ARO:3004074|MuxB	67.4	1015	331	0	235245	232201	3	1017	0.0	1284
NZ_AQQH01000055.1	gb|AAG05914.1|ARO:3004075|MuxC	62.8	1012	369	4	232137	229120	7	1017	0.0	1168
NZ_AQQH01000055.1	gb|WMY66391.1|ARO:3007682|MdtQ	99.8	479	1	0	175450	176886	1	479	4.98e-303	917
NZ_AQQH01000055.1	gb|AAC75271.1|ARO:3003952|YojI	84.1	547	87	0	109180	110820	1	547	1.27e-299	910
NZ_AQQH01000055.1	gb|BAE06006.1|ARO:3003705|mexN	49.3	1011	500	4	235221	232204	15	1017	3.15e-280	876
NZ_AQQH01000055.1	gb|AAC75135.2|ARO:3000792|mdtA	78.3	415	87	2	236516	235281	1	415	3.57e-193	598
NZ_AQQH01000055.1	gb|CAA09666.1|ARO:3004122|Kpne_OmpK37	69.0	374	106	5	105064	106155	1	374	5.94e-163	510
NZ_AQQH01000055.1	gb|CAH14033.1|ARO:3004100|LpeB	30.6	1012	675	11	232155	229141	1	992	2.78e-129	437
NZ_AQQH01000055.1	gb|AAG07594.1|ARO:3000808|MexI	30.9	1013	684	8	235236	232207	6	1005	8.10e-128	433
NZ_AQQH01000055.1	gb|AAL19305.1|ARO:3000790|mdsB	29.7	1053	708	12	235233	232159	7	1055	3.32e-125	426
NZ_AQQH01000055.1	gb|BAE06008.1|ARO:3003699|mexQ	31.1	1042	689	13	235239	232183	5	1040	1.92e-124	424
NZ_AQQH01000055.1	gb|AAB58161.1|ARO:3003010|ceoB	30.6	1021	676	14	235242	232264	4	1019	6.45e-124	422
NZ_AQQH01000055.1	gb|AAG07763.1|ARO:3003031|MexW	30.5	1016	681	11	235233	232207	7	1004	4.30e-123	419
NZ_AQQH01000055.1	gb|CAJ77856.1|ARO:3000777|adeF	29.8	1042	696	16	235242	232201	4	1038	1.96e-119	409
NZ_AQQH01000055.1	gb|AAP43110.2|ARO:3003923|oqxB	29.2	1058	703	14	235242	232165	4	1047	1.44e-117	404
NZ_AQQH01000055.1	gb|AAG05882.1|ARO:3000804|MexF	30.6	1045	685	15	235242	232207	4	1041	2.91e-112	388
NZ_AQQH01000055.1	gb|EGP45231.1|ARO:3004144|AxyY	30.2	1041	682	17	235242	232204	2	1025	3.72e-112	387
NZ_AQQH01000055.1	gb|CAC14595.1|ARO:3003056|smeE	29.6	1039	696	14	235242	232207	2	1032	2.71e-111	385
NZ_AQQH01000055.1	gb|BAA16344.1|ARO:3000491|acrD	29.4	1049	689	21	235233	232177	5	1031	9.19e-110	380
NZ_AQQH01000055.1	gb|ABS43151.1|ARO:3000784|cmeB	28.7	1032	703	15	232149	229129	2	1025	1.32e-109	380
NZ_AQQH01000055.1	gb|AAD51345.1|ARO:3003052|smeB	30.0	1054	673	20	235239	232204	3	1033	7.64e-108	375
NZ_AQQH01000055.1	gb|AAL14440.1|ARO:3000775|adeB	27.9	1031	696	17	232137	229135	5	1018	7.36e-105	365
NZ_AQQH01000055.1	gb|BAA34300.1|ARO:3003033|mexY	29.6	1051	676	18	235242	232204	2	1026	1.23e-104	365
NZ_AQQH01000056.1	gb|AML99881.1|ARO:3001327|MdtK	83.1	472	80	0	19112	20527	1	472	1.41e-257	786
NZ_AQQH01000056.1	gb|CAA09666.1|ARO:3004122|Kpne_OmpK37	69.6	385	102	5	37057	35915	1	374	1.64e-169	528
NZ_AQQH01000056.1	gb|AAL20862.1|ARO:3000826|sdiA	66.7	240	80	0	52027	52746	1	240	3.80e-107	343
NZ_AQQH01000056.1	gb|ABO11759.2|ARO:3004573|Abau_AbaF	38.2	419	251	6	9948	8701	6	419	3.57e-82	280
NZ_AQQH01000056.1	gb|ALH22601.1|ARO:3000620|adeL	40.5	232	123	4	34088	33414	65	288	4.87e-50	183
NZ_AQQH01000056.1	gb|AAS79458.1|ARO:3001302|chrB	37.6	250	142	5	128483	129199	6	252	6.06e-38	146
NZ_AQQH01000056.1	gb|AJD73064.1|ARO:3001301|RlmA(II)	34.7	242	145	6	128480	129175	14	252	3.39e-34	135
NZ_AQQH01000056.1	gb|ABX54690.1|ARO:3002974|vanTr_in_vanL	29.2	356	225	9	158423	159439	16	361	1.37e-33	136
NZ_AQQH01000056.1	gb|CAB37345.2|ARO:3004592|erm(32)	35.5	242	138	7	128498	129184	11	247	6.70e-31	126
NZ_AQQH01000056.1	gb|BAA03674.1|ARO:3001300|myrA	35.2	256	136	8	128498	129184	11	263	4.44e-30	124
NZ_AQQH01000056.1	gb|AAD12162.1|ARO:3001299|Sfra_tlrB_TYL	35.1	242	139	7	128498	129184	11	247	5.68e-30	123
NZ_AQQH01000056.1	gb|AAD04032.1|ARO:3002892|otr(B)	32.0	415	261	10	123547	122351	24	433	3.62e-29	127
NZ_AQQH01000056.1	gb|AAC75733.1|ARO:3000074|emrB	25.9	401	282	6	63563	62388	22	416	4.99e-28	123
NZ_AQQH01000056.1	gb|EOU56998.1|ARO:3004597|Kpne_KpnH	25.9	401	282	6	63563	62388	22	416	4.99e-28	123
NZ_AQQH01000056.1	gb|AEP40502.2|ARO:3002975|vanT_in_vanN_cl	28.7	356	225	11	158423	159436	350	694	5.38e-28	125
NZ_AQQH01000056.1	gb|BAA11237.1|ARO:3000254|emrY	26.7	415	293	4	123571	122354	8	420	1.19e-27	122
NZ_AQQH01000056.1	gb|AAF40764.1|ARO:3003962|farB	28.0	304	211	5	63563	62667	21	321	1.17e-24	112
NZ_AQQH01000056.1	gb|BAB43261.1|ARO:3007013|sdrM	25.8	302	208	8	63557	62670	17	308	4.77e-21	100
NZ_AQQH01000056.1	gb|AAA99504.1|ARO:3002987|bcrA	25.4	260	144	6	185321	186100	3	212	1.95e-18	90.5
NZ_AQQH01000056.1	gb|CCP45647.1|ARO:3003955|efpA	25.5	420	284	11	123568	122351	46	450	4.71e-18	92.4
NZ_AQQH01000056.1	gb|ABX00624.1|ARO:3002881|lmrC	34.6	188	94	7	90906	90409	21	201	8.42e-17	88.6
NZ_AQQH01000056.1	gb|AYV52072.1|ARO:3002882|lmrD	27.2	228	141	7	50999	51655	437	648	4.12e-15	83.6
NZ_AQQH01000056.1	gb|AAA26832.1|ARO:3002827|tlrC	31.3	192	88	3	90948	90505	9	200	2.57e-13	77.4
NZ_AQQH01000056.1	gb|AKA86814.1|ARO:3003746|optrA	28.5	186	128	2	90927	90373	353	534	3.21e-13	77.4
NZ_AQQH01000056.1	gb|AQX82857.1|ARO:3004185|mecD	21.6	546	354	16	126841	128328	144	665	1.70e-12	75.1
NZ_AQQH01000059.1	gb|AAL19305.1|ARO:3000790|mdsB	41.9	1036	584	4	35152	38208	6	1040	7.59e-235	746
NZ_AQQH01000059.1	gb|BAE06008.1|ARO:3003699|mexQ	42.4	1037	584	4	35152	38229	6	1040	2.82e-233	741
NZ_AQQH01000059.1	gb|AAG05882.1|ARO:3000804|MexF	41.9	1039	586	4	35152	38214	6	1044	5.08e-233	741
NZ_AQQH01000059.1	gb|AAP43110.2|ARO:3003923|oqxB	41.1	1032	595	3	35152	38208	6	1037	5.45e-230	732
NZ_AQQH01000059.1	gb|AAB58161.1|ARO:3003010|ceoB	39.1	1023	606	4	35152	38172	6	1027	1.82e-216	692
NZ_AQQH01000059.1	gb|AAA74437.1|ARO:3000378|MexB	41.3	1031	585	9	35143	38193	1	1025	5.15e-215	688
NZ_AQQH01000059.1	gb|AAC73564.1|ARO:3000216|acrB	40.2	1037	598	11	35143	38205	1	1031	4.74e-212	680
NZ_AQQH01000059.1	gb|ABS43151.1|ARO:3000784|cmeB	37.2	1030	643	3	35152	38229	5	1034	6.64e-212	679
NZ_AQQH01000059.1	gb|CAJ77856.1|ARO:3000777|adeF	38.4	1037	620	4	35152	38214	6	1039	8.56e-210	674
NZ_AQQH01000059.1	gb|AAC76298.1|ARO:3000502|AcrF	40.7	1038	591	12	35143	38205	1	1030	2.91e-208	668
NZ_AQQH01000059.1	gb|EGP45231.1|ARO:3004144|AxyY	40.0	1034	599	10	35143	38208	1	1025	7.07e-202	650
NZ_AQQH01000059.1	gb|CAC14595.1|ARO:3003056|smeE	38.0	1037	624	7	35143	38208	1	1033	1.98e-197	637
NZ_AQQH01000059.1	gb|AAX14802.1|ARO:3000781|adeJ	38.4	1047	616	11	35143	38208	1	1043	4.58e-197	637
NZ_AQQH01000059.1	gb|AAD51345.1|ARO:3003052|smeB	37.6	1041	623	9	35143	38208	1	1033	1.37e-195	632
NZ_AQQH01000059.1	gb|BAA16344.1|ARO:3000491|acrD	37.9	1037	619	11	35143	38205	1	1028	2.41e-195	631
NZ_AQQH01000059.1	gb|AAC76539.1|ARO:3000796|mdtF	37.8	1036	624	12	35143	38208	1	1030	1.47e-192	623
NZ_AQQH01000059.1	gb|CAH35802.1|ARO:3002983|amrB	37.7	1039	630	9	35143	38229	1	1032	3.06e-188	610
NZ_AQQH01000059.1	gb|AAB41957.1|ARO:3000801|MexD	37.4	1034	618	11	35143	38193	1	1022	1.04e-187	609
NZ_AQQH01000059.1	gb|AAF42062.1|ARO:3000811|mtrD	36.8	1053	632	12	35143	38223	1	1045	2.30e-184	600
NZ_AQQH01000059.1	gb|AAL14440.1|ARO:3000775|adeB	35.7	1027	640	10	35143	38193	1	1017	1.21e-182	594
NZ_AQQH01000059.1	gb|BAA34300.1|ARO:3003033|mexY	36.5	1038	631	13	35143	38208	1	1026	3.60e-174	570
NZ_AQQH01000059.1	gb|AAG07064.1|ARO:3003693|MexK	32.4	1027	681	7	277562	274503	4	1024	2.04e-160	529
NZ_AQQH01000059.1	gb|AAG03548.1|ARO:3003681|TriC	31.3	1016	681	8	277562	274527	6	1008	7.10e-148	492
NZ_AQQH01000059.1	gb|AAG07763.1|ARO:3003031|MexW	32.4	1020	665	13	35155	38205	7	1004	4.42e-140	469
NZ_AQQH01000059.1	gb|AAG07594.1|ARO:3000808|MexI	32.8	1024	656	16	35155	38205	7	1005	1.44e-131	444
NZ_AQQH01000060.1	gb|MBY8651254.1|ARO:3007188|vanH_in_vanP_cl	37.3	153	86	3	2587	2138	139	284	2.08e-19	89.0
NZ_AQQH01000062.1	gb|CAA09666.1|ARO:3004122|Kpne_OmpK37	99.5	374	2	0	206427	205306	1	374	1.20e-249	759
NZ_AQQH01000062.1	gb|CCQ22388.1|ARO:3000421|norB	50.5	459	225	2	124395	125768	1	458	7.86e-141	451
NZ_AQQH01000062.1	gb|AGP27106.1|ARO:3007010|norC	49.9	445	219	3	124416	125747	7	448	3.05e-129	417
NZ_AQQH01000062.1	gb|ACJ41547.2|ARO:3004574|Abau_AbaQ	41.2	425	248	2	74320	75591	2	425	7.85e-106	348
NZ_AQQH01000062.1	gb|ABO11759.2|ARO:3004573|Abau_AbaF	38.5	421	246	6	261059	259821	6	421	8.47e-87	293
NZ_AQQH01000062.1	gb|ALH22601.1|ARO:3000620|adeL	41.5	289	169	0	2679	1813	1	289	3.85e-70	242
NZ_AQQH01000062.1	gb|AAG05187.1|ARO:3005067|ParS	32.9	432	271	5	283094	281832	1	424	1.16e-61	221
NZ_AQQH01000062.1	gb|AAG05188.1|ARO:3005068|ParR	46.6	238	118	2	284673	283960	6	234	1.05e-60	211
NZ_AQQH01000062.1	gb|AAM09850.1|ARO:3002944|vanH_in_vanD_cl	34.6	312	198	2	212529	211594	7	312	4.94e-52	189
NZ_AQQH01000062.1	gb|AHA41499.1|ARO:3002948|vanH_in_vanO_cl	35.2	290	182	2	212436	211567	66	349	1.03e-47	177
NZ_AQQH01000062.1	gb|AAB05626.1|ARO:3002943|vanH_in_vanB_cl	35.2	281	176	2	212436	211594	38	312	7.64e-45	168
NZ_AQQH01000062.1	gb|AAK37618.1|ARO:3005008|TxR	34.8	293	170	4	134265	135122	38	316	3.08e-44	166
NZ_AQQH01000062.1	gb|AAX14803.1|ARO:3000782|adeK	29.8	459	308	7	244748	243399	10	463	1.69e-41	163
NZ_AQQH01000062.1	gb|AAG05913.1|ARO:3004072|OpmB	30.0	477	303	8	244742	243387	8	478	2.97e-41	163
NZ_AQQH01000062.1	gb|CAJ77855.1|ARO:3000779|adeH	28.8	431	297	4	244655	243393	52	482	1.81e-40	160
NZ_AQQH01000062.1	gb|BAM10414.1|ARO:3003039|OprA	28.2	461	314	6	244739	243393	10	465	1.18e-38	154
NZ_AQQH01000062.1	gb|BAB38260.1|ARO:3000830|cpxA	31.9	298	180	8	282674	281823	166	454	2.29e-35	144
NZ_AQQH01000062.1	gb|AAG03816.1|ARO:3000379|OprM	27.5	432	306	6	244658	243384	40	471	4.49e-32	135
NZ_AQQH01000062.1	gb|ACL82957.1|ARO:3002928|vanR_in_vanM_cl	33.9	233	144	2	284667	283978	5	230	2.09e-31	126
NZ_AQQH01000062.1	gb|AAD51348.1|ARO:3003066|smeR	33.5	233	143	1	284670	283972	9	229	1.05e-29	121
NZ_AQQH01000062.1	gb|AAF40763.1|ARO:3003961|farA	32.1	312	201	5	245683	244754	49	351	1.34e-29	125
NZ_AQQH01000062.1	gb|BAA11236.1|ARO:3000206|emrK	31.4	312	196	6	245683	244763	9	307	1.57e-27	119
NZ_AQQH01000062.1	gb|AAA65953.1|ARO:3002919|vanR_in_vanA_cl	30.4	230	154	2	284670	283984	3	227	3.78e-27	114
NZ_AQQH01000062.1	gb|SIP52035.1|ARO:3004054|Paer_CpxR	29.5	234	154	2	284673	283975	1	224	5.96e-27	113
NZ_AQQH01000062.1	gb|EHL92831.1|ARO:3004588|Kpne_KpnG	30.1	336	213	6	245773	244772	32	347	1.07e-26	117
NZ_AQQH01000063.1	gb|AAC73564.1|ARO:3000216|acrB	91.5	1049	88	1	23441	26584	1	1049	0.0	1840
NZ_AQQH01000063.1	gb|AAC76298.1|ARO:3000502|AcrF	78.0	1032	227	0	23441	26536	1	1032	0.0	1556
NZ_AQQH01000063.1	gb|AAC76539.1|ARO:3000796|mdtF	70.7	1034	302	1	23441	26542	1	1033	0.0	1428
NZ_AQQH01000063.1	gb|AAA74437.1|ARO:3000378|MexB	70.4	1045	302	4	23441	26560	1	1043	0.0	1428
NZ_AQQH01000063.1	gb|BAA16344.1|ARO:3000491|acrD	65.0	1035	360	2	23441	26545	1	1033	0.0	1298
NZ_AQQH01000063.1	gb|CAC14595.1|ARO:3003056|smeE	63.7	1041	370	4	23441	26548	1	1038	0.0	1275
NZ_AQQH01000063.1	gb|AAX14802.1|ARO:3000781|adeJ	58.7	1054	417	8	23441	26557	1	1051	0.0	1170
NZ_AQQH01000063.1	gb|EGP45231.1|ARO:3004144|AxyY	53.9	1030	469	5	23441	26530	1	1024	0.0	1048
NZ_AQQH01000063.1	gb|AAD51345.1|ARO:3003052|smeB	54.7	1041	456	6	23441	26536	1	1034	0.0	1040
NZ_AQQH01000063.1	gb|CAH35802.1|ARO:3002983|amrB	51.0	1032	500	5	23441	26536	1	1026	6.05e-316	979
NZ_AQQH01000063.1	gb|AAF42062.1|ARO:3000811|mtrD	49.1	1060	520	7	23441	26581	1	1053	5.77e-306	952
NZ_AQQH01000063.1	gb|AAL14440.1|ARO:3000775|adeB	49.3	1042	513	8	23441	26551	1	1032	5.93e-297	924
NZ_AQQH01000063.1	gb|AAB41957.1|ARO:3000801|MexD	48.5	1051	519	10	23441	26566	1	1038	5.82e-293	913
NZ_AQQH01000063.1	gb|BAA34300.1|ARO:3003033|mexY	47.8	1036	528	8	23441	26536	1	1027	4.19e-284	888
NZ_AQQH01000063.1	gb|AAL19305.1|ARO:3000790|mdsB	41.0	1056	602	11	23447	26572	5	1053	2.66e-241	764
NZ_AQQH01000063.1	gb|AAP43110.2|ARO:3003923|oqxB	41.9	1052	583	12	23438	26545	2	1041	2.64e-240	761
NZ_AQQH01000063.1	gb|AAC60780.1|ARO:3003049|rosB	73.5	548	145	0	5075	6718	1	548	1.64e-235	727
NZ_AQQH01000063.1	gb|AAG05882.1|ARO:3000804|MexF	41.4	1046	586	9	23447	26530	5	1041	1.11e-234	746
NZ_AQQH01000063.1	gb|CAC41008.1|ARO:3004041|Kpne_acrA	95.2	399	16	2	22225	23415	1	398	9.88e-232	708
NZ_AQQH01000063.1	gb|ABS43151.1|ARO:3000784|cmeB	40.6	1029	594	9	23447	26515	4	1021	2.96e-231	735
NZ_AQQH01000063.1	gb|AAB58161.1|ARO:3003010|ceoB	40.8	1033	590	9	23438	26494	2	1026	3.62e-231	734
NZ_AQQH01000063.1	gb|BAE06008.1|ARO:3003699|mexQ	41.2	1036	593	11	23444	26527	4	1031	6.00e-229	729
NZ_AQQH01000063.1	gb|CAJ77856.1|ARO:3000777|adeF	40.0	1077	609	13	23438	26623	2	1056	4.45e-224	715
NZ_AQQH01000063.1	gb|ABG77965.1|ARO:3004042|Eclo_acrA	87.7	397	49	0	22225	23415	1	397	2.64e-216	664
NZ_AQQH01000063.1	gb|AAC73565.1|ARO:3004043|Ecol_acrA	84.9	397	60	0	22225	23415	1	397	2.46e-211	650
NZ_AQQH01000064.1	gb|EOU56998.1|ARO:3004597|Kpne_KpnH	93.4	512	34	0	45648	47183	1	512	2.37e-313	947
NZ_AQQH01000064.1	gb|AAC75733.1|ARO:3000074|emrB	93.4	512	34	0	45648	47183	1	512	3.23e-313	947
NZ_AQQH01000064.1	gb|EHL92831.1|ARO:3004588|Kpne_KpnG	99.7	390	1	0	44460	45629	1	390	4.15e-241	734
NZ_AQQH01000064.1	gb|BAA11237.1|ARO:3000254|emrY	62.1	506	182	3	45663	47165	10	510	1.27e-200	624
NZ_AQQH01000064.1	gb|BAA16547.1|ARO:3000027|emrA	78.7	390	83	0	44460	45629	1	390	1.71e-192	595
NZ_AQQH01000064.1	gb|AAF40764.1|ARO:3003962|farB	57.3	501	213	1	45663	47165	5	504	2.81e-187	585
NZ_AQQH01000064.1	gb|AAC75731.1|ARO:3000516|emrR	92.6	175	13	0	43804	44328	1	175	1.67e-102	327
NZ_AQQH01000064.1	gb|BAA11236.1|ARO:3000206|emrK	52.1	340	160	2	44613	45623	9	348	3.53e-99	325
NZ_AQQH01000064.1	gb|AAF40763.1|ARO:3003961|farA	45.7	374	198	2	44508	45626	14	383	6.24e-87	291
NZ_AQQH01000064.1	gb|NP_217372.1|ARO:3007659|Rv2856	44.6	285	149	3	75105	74272	75	357	2.49e-69	240
NZ_AQQH01000064.1	gb|AAK37618.1|ARO:3005008|TxR	38.8	304	176	3	95825	96736	23	316	1.69e-63	221
NZ_AQQH01000064.1	gb|ADZ12699.1|ARO:3005091|RanA	33.5	218	140	3	6045	6695	2	215	2.65e-27	115
NZ_AQQH01000064.1	gb|BAB35162.1|ARO:3000676|H-NS	53.3	135	61	2	30706	30308	1	135	2.67e-27	110
NZ_AQQH01000064.1	gb|AQX36338.1|ARO:3004379|QepA4	24.9	402	280	7	45705	46886	27	414	6.56e-26	116
NZ_AQQH01000064.1	gb|AAC16242.1|ARO:3005069|rsmA	85.2	61	9	0	55099	54917	1	61	7.21e-26	103
NZ_AQQH01000064.1	gb|AEZ36150.1|ARO:3000448|QepA1	24.9	402	280	7	45705	46886	27	414	8.75e-26	116
NZ_AQQH01000064.1	gb|AAW38464.1|ARO:3004572|Saur_LmrS	24.2	413	257	4	146352	147422	5	417	2.64e-25	114
NZ_AQQH01000064.1	gb|ACF70723.1|ARO:3004103|QepA2	24.6	402	281	7	45705	46886	27	414	2.77e-25	114
NZ_AQQH01000064.1	gb|WP_002289367.1|ARO:3007011|mdeA	26.0	311	215	7	45687	46595	9	312	2.78e-20	98.6
NZ_AQQH01000064.1	gb|AAA99504.1|ARO:3002987|bcrA	29.8	208	136	4	39239	39859	15	213	2.87e-20	95.9
NZ_AQQH01000064.1	gb|AAD04032.1|ARO:3002892|otr(B)	25.4	402	230	9	146415	147410	32	433	7.07e-18	92.0
NZ_AQQH01000064.1	gb|AAK76136.1|ARO:3000025|patB	29.0	221	132	7	39254	39883	365	571	1.36e-17	91.3
NZ_AQQH01000064.1	gb|AYV52072.1|ARO:3002882|lmrD	27.1	221	136	7	39254	39883	441	647	7.78e-16	85.9
NZ_AQQH01000064.1	gb|AAC75429.1|ARO:3000833|evgS	27.8	263	160	8	177876	178652	942	1178	5.16e-12	73.9
NZ_AQQH01000064.1	gb|AAC75271.1|ARO:3003952|YojI	32.0	203	109	6	108616	109182	322	509	1.64e-09	65.1
NZ_AQQH01000070.1	gb|ACJ41547.2|ARO:3004574|Abau_AbaQ	37.3	402	244	4	56017	54824	15	412	4.57e-81	276
NZ_AQQH01000070.1	gb|AAF40764.1|ARO:3003962|farB	29.5	498	335	6	134283	135767	17	501	9.04e-67	237
NZ_AQQH01000070.1	gb|ALH22601.1|ARO:3000620|adeL	37.6	290	178	3	119299	118439	1	290	5.45e-61	214
NZ_AQQH01000070.1	gb|AAC75733.1|ARO:3000074|emrB	31.6	424	282	4	134283	135542	18	437	3.22e-59	215
NZ_AQQH01000070.1	gb|EOU56998.1|ARO:3004597|Kpne_KpnH	31.6	424	282	4	134283	135542	18	437	3.22e-59	215
NZ_AQQH01000070.1	gb|EHL92831.1|ARO:3004588|Kpne_KpnG	36.4	354	213	6	133135	134193	4	346	3.46e-42	162
NZ_AQQH01000070.1	gb|AAF40763.1|ARO:3003961|farA	37.8	307	177	4	133282	134193	49	344	4.07e-42	161
NZ_AQQH01000070.1	gb|BAA16547.1|ARO:3000027|emrA	35.8	330	185	6	133231	134193	35	346	1.66e-38	151
NZ_AQQH01000070.1	gb|BAA11236.1|ARO:3000206|emrK	36.2	318	178	8	133273	134202	6	306	9.25e-34	136
NZ_AQQH01000070.1	gb|CAA42594.1|ARO:3002690|Sliv_cmlR	32.5	378	238	4	18344	19444	5	376	2.18e-22	103
NZ_AQQH01000070.1	gb|AAG03380.1|ARO:3002703|cmx	32.3	368	228	7	18341	19417	4	359	1.31e-20	98.2
NZ_AQQH01000070.1	gb|AAA99504.1|ARO:3002987|bcrA	29.4	218	140	7	89661	90311	5	209	3.29e-14	77.4
NZ_AQQH01000070.1	gb|ARB93503.1|ARO:3004603|tet(56)	22.9	397	273	13	23721	22573	3	380	2.32e-10	66.6
NZ_AQQH01000070.1	gb|AAG05881.1|ARO:3000803|MexE	34.0	191	70	5	133327	133899	70	204	4.62e-10	65.9
NZ_AQQH01000070.1	gb|AKQ05894.1|ARO:3004584|tet(50)	21.9	324	237	5	23721	22774	3	318	8.95e-09	61.6
NZ_AQQH01000070.1	gb|AKQ05899.1|ARO:3004591|tet(55)	23.8	336	232	8	23712	22741	6	329	6.28e-08	58.9
NZ_AQQH01000070.1	gb|WP_122630829.1|ARO:3006872|DHT2-1	27.3	150	84	4	95751	95305	76	201	4.96e-06	52.4
NZ_AQQH01000070.1	gb|WP_011094382.1|ARO:3006903|CAR-1	24.1	170	111	3	95619	95119	126	280	1.07e-05	51.6
NZ_AQQH01000070.1	gb|WP_082039181.1|ARO:3007028|salD	24.1	199	128	6	123701	123126	17	199	2.19e-05	51.2
NZ_AQQH01000070.1	gb|GJN52392.1|ARO:3007200|PAM-2	33.0	109	58	4	95610	95305	86	186	2.49e-05	50.1
NZ_AQQH01000070.1	gb|GJN50066.1|ARO:3007201|PAM-3	33.0	109	58	4	95610	95305	86	186	2.49e-05	50.1
NZ_AQQH01000070.1	gb|AAF03531.1|ARO:3002569|AAC(6')-Iy	25.6	129	80	5	3988	4353	1	120	8.60e-05	46.2
NZ_AQQH01000070.1	gb|AAA22277.1|ARO:3003007|bmr	24.1	224	148	9	114341	113682	55	260	8.79e-05	48.9
NZ_AQQH01000070.1	gb|AAL20537.1|ARO:3002571|AAC(6')-Iaa	25.6	129	80	5	3988	4353	1	120	1.59e-04	45.4
NZ_AQQH01000072.1	gb|AAK37618.1|ARO:3005008|TxR	39.6	298	157	3	67291	66398	33	307	7.48e-55	195
NZ_AQQH01000072.1	gb|CAA79966.1|ARO:3003665|NmcR	33.7	291	185	5	53796	54662	1	285	1.13e-41	156
NZ_AQQH01000072.1	gb|APB03219.1|ARO:3003986|TaeA	24.1	245	145	6	44857	45504	1	233	1.82e-08	60.5
NZ_AQQH01000075.1	gb|AAC74149.2|ARO:3001216|mdtH	85.5	399	58	0	6674	7870	1	399	1.13e-225	688
NZ_AQQH01000075.1	gb|ABV18113.1|ARO:3001329|mdtG	86.8	394	52	0	14398	15579	7	400	1.22e-215	660
NZ_AQQH01000075.1	gb|AAK99679.1|ARO:3000822|pmrA	44.9	392	214	2	14401	15576	2	391	1.40e-102	335
NZ_AQQH01000075.1	gb|BAA14147.1|ARO:3004667|Saur_norA	26.0	389	255	11	14419	15543	3	372	3.54e-16	82.4
NZ_AQQH01000075.1	gb|MBY8651254.1|ARO:3007188|vanH_in_vanP_cl	29.7	155	93	3	25765	25331	141	289	3.26e-08	57.0
NZ_AQQH01000077.1	gb|AAG07064.1|ARO:3003693|MexK	42.3	1021	581	3	77697	80738	3	1022	1.82e-240	760
NZ_AQQH01000077.1	gb|AAG03548.1|ARO:3003681|TriC	39.4	1016	609	4	77691	80735	3	1012	2.21e-212	678
NZ_AQQH01000077.1	gb|BAB35162.1|ARO:3000676|H-NS	89.6	135	14	0	16643	16239	1	135	5.20e-69	229
NZ_AQQH01000077.1	gb|AAG07594.1|ARO:3000808|MexI	23.2	1043	727	20	77712	80735	6	1009	1.08e-48	192
NZ_AQQH01000077.1	gb|AAG07763.1|ARO:3003031|MexW	23.8	1044	723	23	77730	80762	15	1018	3.12e-48	191
NZ_AQQH01000077.1	gb|BAA16344.1|ARO:3000491|acrD	23.7	1046	707	31	77745	80714	15	1025	7.18e-47	186
NZ_AQQH01000077.1	gb|CAJ77856.1|ARO:3000777|adeF	22.2	1073	758	22	77700	80762	2	1049	5.39e-46	184
NZ_AQQH01000077.1	gb|AAG05914.1|ARO:3004075|MuxC	22.9	1053	732	21	77700	80729	2	1017	8.59e-46	183
NZ_AQQH01000077.1	gb|AAL14440.1|ARO:3000775|adeB	22.8	1055	722	29	77703	80708	1	1016	3.40e-45	181
NZ_AQQH01000077.1	gb|AAD51345.1|ARO:3003052|smeB	24.6	1069	700	32	77751	80753	17	1047	2.46e-44	178
NZ_AQQH01000077.1	gb|AAC76298.1|ARO:3000502|AcrF	23.4	1052	705	28	77745	80714	15	1027	3.66e-43	174
NZ_AQQH01000077.1	gb|AAG05882.1|ARO:3000804|MexF	22.5	1062	741	24	77700	80714	2	1038	6.92e-43	174
NZ_AQQH01000077.1	gb|CAC14595.1|ARO:3003056|smeE	24.5	1047	705	33	77751	80726	17	1033	8.52e-43	173
NZ_AQQH01000077.1	gb|APB03222.1|ARO:3003992|rphB	35.6	331	192	9	58501	59493	4	313	1.62e-41	168
NZ_AQQH01000077.1	gb|AAC73564.1|ARO:3000216|acrB	23.1	1044	715	28	77751	80714	17	1028	4.07e-41	168
NZ_AQQH01000077.1	gb|AAP43110.2|ARO:3003923|oqxB	22.6	1068	728	26	77745	80759	17	1048	4.08e-41	168
NZ_AQQH01000077.1	gb|EGP45231.1|ARO:3004144|AxyY	24.4	1034	711	24	77751	80726	17	1021	1.58e-40	166
NZ_AQQH01000077.1	gb|AIA08936.1|ARO:3000444|rphA	37.0	327	180	10	58528	59493	9	314	2.38e-40	164
NZ_AQQH01000077.1	gb|AAA74437.1|ARO:3000378|MexB	22.6	1054	737	26	77751	80759	17	1042	3.22e-39	162
NZ_AQQH01000077.1	gb|AAB41957.1|ARO:3000801|MexD	24.1	1067	704	36	77703	80717	1	1023	4.20e-39	161
NZ_AQQH01000077.1	gb|AAC76539.1|ARO:3000796|mdtF	22.6	1035	733	26	77745	80714	15	1026	2.81e-38	159
NZ_AQQH01000077.1	gb|AAX14802.1|ARO:3000781|adeJ	23.0	1052	722	29	77751	80723	17	1041	6.67e-38	157
NZ_AQQH01000077.1	gb|AAB58161.1|ARO:3003010|ceoB	21.4	1048	738	22	77700	80657	2	1025	5.54e-37	154
NZ_AQQH01000077.1	gb|BAE06006.1|ARO:3003705|mexN	23.5	1070	730	28	77694	80789	4	1022	1.13e-35	150
NZ_AQQH01000077.1	gb|AAC75137.1|ARO:3000794|mdtC	21.7	1052	755	22	77709	80750	5	1025	1.46e-35	150
NZ_AQQH01000081.1	gb|AAC73788.1|ARO:3003841|kdpE	36.2	224	137	4	38228	38887	4	225	1.32e-35	136
NZ_AQQH01000081.1	gb|ATC67679.1|ARO:3000838|arlR	32.6	218	144	2	38225	38878	3	217	2.87e-31	123
NZ_AQQH01000081.1	gb|AAG06465.1|ARO:3005063|cprR	33.5	221	145	2	38228	38890	5	223	6.01e-27	111
NZ_AQQH01000081.1	gb|AAD51348.1|ARO:3003066|smeR	31.3	233	139	4	38216	38884	7	228	8.18e-26	108
NZ_AQQH01000081.1	gb|AHA41505.1|ARO:3002930|vanR_in_vanO_cl	29.7	222	153	1	38219	38884	3	221	1.05e-24	105
NZ_AQQH01000081.1	gb|AAK76137.1|ARO:3000024|patA	28.3	230	144	5	43278	43916	339	564	7.41e-15	80.5
NZ_AQQH01000081.1	gb|AET10444.1|ARO:3004032|tetA(46)	27.9	222	137	8	43266	43901	346	554	8.60e-11	67.4
NZ_AQQH01000081.1	gb|WP_082039181.1|ARO:3007028|salD	27.7	184	116	6	43281	43814	14	186	2.18e-09	62.8
NZ_AQQH01000081.1	gb|APB03219.1|ARO:3003986|TaeA	25.5	220	117	5	43263	43820	9	215	8.58e-08	57.8
NZ_AQQH01000081.1	gb|CAA79966.1|ARO:3003665|NmcR	43.0	79	45	0	17054	16818	5	83	4.10e-07	54.3
NZ_AQQH01000083.1	gb|AAB05626.1|ARO:3002943|vanH_in_vanB_cl	33.6	152	82	2	13961	14377	150	295	2.50e-14	75.9
NZ_AQQH01000084.1	gb|AAC73564.1|ARO:3000216|acrB	57.3	1039	435	4	26101	29193	4	1041	0.0	1092
NZ_AQQH01000084.1	gb|AAA74437.1|ARO:3000378|MexB	56.3	1039	447	2	26095	29193	2	1039	0.0	1079
NZ_AQQH01000084.1	gb|AAC76298.1|ARO:3000502|AcrF	56.7	1034	436	6	26095	29169	2	1032	0.0	1065
NZ_AQQH01000084.1	gb|CAC14595.1|ARO:3003056|smeE	55.6	1043	447	3	26095	29187	2	1040	0.0	1036
NZ_AQQH01000084.1	gb|BAA16344.1|ARO:3000491|acrD	54.4	1036	467	2	26095	29187	2	1037	0.0	1029
NZ_AQQH01000084.1	gb|AAC76539.1|ARO:3000796|mdtF	54.4	1038	464	4	26095	29187	2	1037	0.0	1020
NZ_AQQH01000084.1	gb|AAX14802.1|ARO:3000781|adeJ	50.9	1051	493	9	26095	29187	2	1049	1.56e-311	965
NZ_AQQH01000084.1	gb|AAD51345.1|ARO:3003052|smeB	51.0	1048	488	6	26098	29190	3	1041	4.71e-306	949
NZ_AQQH01000084.1	gb|EGP45231.1|ARO:3004144|AxyY	46.7	1042	542	5	26095	29199	2	1037	1.36e-270	847
NZ_AQQH01000084.1	gb|CAH35802.1|ARO:3002983|amrB	46.7	1031	538	5	26095	29169	2	1026	2.02e-267	837
NZ_AQQH01000084.1	gb|AAL14440.1|ARO:3000775|adeB	45.6	1041	551	5	26095	29193	2	1035	2.12e-263	825
NZ_AQQH01000084.1	gb|AAB41957.1|ARO:3000801|MexD	46.0	1041	549	8	26095	29193	2	1037	1.28e-260	818
NZ_AQQH01000084.1	gb|AAF42062.1|ARO:3000811|mtrD	45.9	1051	547	7	26095	29193	2	1048	1.30e-259	816
NZ_AQQH01000084.1	gb|BAA34300.1|ARO:3003033|mexY	44.8	1040	559	6	26095	29190	2	1034	4.12e-247	779
NZ_AQQH01000084.1	gb|AAL19305.1|ARO:3000790|mdsB	40.2	1056	605	8	26086	29193	1	1049	4.21e-220	701
NZ_AQQH01000084.1	gb|AAP43110.2|ARO:3003923|oqxB	40.3	1052	602	9	26092	29193	3	1046	1.93e-218	696
NZ_AQQH01000084.1	gb|AAB58161.1|ARO:3003010|ceoB	41.7	1024	577	7	26095	29118	4	1023	3.23e-218	694
NZ_AQQH01000084.1	gb|AAG05882.1|ARO:3000804|MexF	39.6	1053	612	9	26092	29193	3	1050	1.10e-216	691
NZ_AQQH01000084.1	gb|ABS43151.1|ARO:3000784|cmeB	40.4	1029	604	7	26089	29160	1	1025	6.39e-214	682
NZ_AQQH01000084.1	gb|CAJ77856.1|ARO:3000777|adeF	40.3	1050	595	11	26095	29181	4	1042	7.95e-208	665
NZ_AQQH01000084.1	gb|BAE06008.1|ARO:3003699|mexQ	39.4	1042	613	9	26086	29175	1	1036	3.32e-200	643
NZ_AQQH01000084.1	gb|AAG07763.1|ARO:3003031|MexW	32.0	1039	659	18	26086	29163	1	1004	9.89e-135	451
NZ_AQQH01000084.1	gb|AAG07594.1|ARO:3000808|MexI	31.9	1037	663	17	26086	29163	1	1005	2.49e-128	432
NZ_AQQH01000084.1	gb|AAC75136.1|ARO:3000793|mdtB	29.2	1046	706	18	26095	29193	13	1036	9.38e-107	369
NZ_AQQH01000084.1	gb|NP_216393.1|ARO:3007662|Rv1877	41.5	480	280	1	22898	21462	27	506	1.07e-106	358
NZ_AQQH01000087.1	gb|ACQ82816.1|ARO:3004577|Abau_AmvA	53.1	488	227	1	30558	32021	1	486	3.86e-145	463
NZ_AQQH01000087.1	gb|AMD83542.1|ARO:3007669|aadT	43.6	495	279	0	30564	32048	9	503	1.52e-109	361
NZ_AQQH01000087.1	gb|AEZ36150.1|ARO:3000448|QepA1	37.1	491	298	6	30552	32012	14	497	1.80e-67	239
NZ_AQQH01000087.1	gb|AQX36338.1|ARO:3004379|QepA4	36.9	490	300	5	30552	32012	14	497	2.43e-67	239
NZ_AQQH01000087.1	gb|ACF70723.1|ARO:3004103|QepA2	36.7	490	301	5	30552	32012	14	497	1.51e-66	236
NZ_AQQH01000087.1	gb|AAC43550.1|ARO:3003967|lfrA	34.4	486	304	3	30561	31985	16	497	2.10e-62	224
NZ_AQQH01000087.1	gb|BAJ09383.1|ARO:3003046|qacA	34.3	461	286	7	30546	31895	10	464	4.48e-55	203
NZ_AQQH01000087.1	gb|AAQ10694.1|ARO:3003047|qacB	33.6	461	289	5	30546	31895	10	464	4.48e-55	203
NZ_AQQH01000087.1	gb|NP_388442.1|ARO:3004476|vmlR	29.1	512	309	10	60527	59061	1	481	2.24e-44	172
NZ_AQQH01000087.1	gb|ABX00624.1|ARO:3002881|lmrC	31.5	546	301	21	60476	58995	20	544	4.12e-40	159
NZ_AQQH01000087.1	gb|AAB36568.1|ARO:3002700|cmlv	29.8	373	255	3	47333	48439	25	394	5.54e-40	156
NZ_AQQH01000087.1	gb|AAG05188.1|ARO:3005068|ParR	35.2	230	140	2	102371	103060	9	229	1.15e-39	149
NZ_AQQH01000087.1	gb|APB03219.1|ARO:3003986|TaeA	28.4	538	286	13	60473	59049	18	519	3.85e-37	152
NZ_AQQH01000087.1	gb|SIP52035.1|ARO:3004054|Paer_CpxR	38.3	230	133	3	102371	103060	4	224	4.09e-37	141
NZ_AQQH01000087.1	gb|AAC45805.1|ARO:3002702|cmrA	29.2	370	260	2	47333	48439	1	369	9.81e-37	145
NZ_AQQH01000087.1	gb|AAD51348.1|ARO:3003066|smeR	37.9	227	129	3	102371	103051	11	225	2.14e-36	139
NZ_AQQH01000087.1	gb|CAA78046.1|ARO:3002701|Rfas_cmr	28.2	372	261	3	47333	48439	1	369	7.40e-34	137
NZ_AQQH01000087.1	gb|QNR09092.1|ARO:3007042|msr(G)	28.7	495	272	13	60437	59061	32	481	2.98e-33	137
NZ_AQQH01000087.1	gb|ATC67679.1|ARO:3000838|arlR	33.6	229	138	4	102371	103057	4	218	1.66e-32	128
NZ_AQQH01000087.1	gb|MBY8651251.1|ARO:3007191|vanR_in_vanP_cl	33.0	230	150	3	102368	103051	7	234	3.94e-32	127
NZ_AQQH01000087.1	gb|AAR84672.1|ARO:3002925|vanR_in_vanF_cl	33.9	227	145	3	102371	103051	6	227	4.30e-32	127
NZ_AQQH01000087.1	gb|BAE85478.1|ARO:3003728|vanR_in_vanI_cl	34.2	234	139	6	102368	103051	4	228	1.11e-31	126
NZ_AQQH01000087.1	gb|ABA71727.1|ARO:3002926|vanR_in_vanG_cl	32.9	231	151	2	102371	103057	5	233	1.21e-31	126
NZ_AQQH01000087.1	gb|ACL82957.1|ARO:3002928|vanR_in_vanM_cl	33.0	230	150	3	102371	103060	6	231	2.40e-30	122
NZ_AQQH01000087.1	gb|AAA65953.1|ARO:3002919|vanR_in_vanA_cl	32.3	232	147	4	102365	103051	3	227	1.48e-29	120
